r,N_r,ell,t_label,t_val,eta,J_size,max_concentration,concentration_ratio,entropy,entropy_normalized,r_eff,r_eff_ratio,low_freq_mass,classification
6,486,0,1,1.0,0.5,204,0.023014307788709047,4.694918788896645,4.98408929398556,0.9371900784026498,126,0.6176470588235294,0.2636649138877523,β
6,486,1,1,1.0,0.5,204,0.018114200198937225,3.695296840583194,5.017366106002513,0.9434473294717253,133,0.6519607843137255,0.2433237940167298,β
6,486,2,1,1.0,0.5,204,0.022100733789461674,4.508549693050181,4.982056863045646,0.9368079074583561,131,0.6421568627450981,0.2578637497050725,β
6,486,3,1,1.0,0.5,204,0.023014307788709047,4.694918788896645,4.98408929398556,0.9371900784026498,126,0.6176470588235294,0.2636649138877523,β
6,486,0,1,1.0,0.25,98,0.04782527493538809,4.686876943668032,4.106873544268212,0.8957257741463882,57,0.5816326530612245,0.21496029284800258,β
6,486,1,1,1.0,0.25,98,0.03340836958273715,3.2740202191082406,4.220981645189269,0.9206132136869939,62,0.6326530612244898,0.25767715076784775,β
6,486,2,1,1.0,0.25,98,0.042685714967109316,4.183200066776713,4.254471479750673,0.9279174824123883,62,0.6326530612244898,0.27233182820118873,β
6,486,3,1,1.0,0.25,98,0.04782527493538809,4.686876943668032,4.106873544268212,0.8957257741463882,57,0.5816326530612245,0.21496029284800258,β
6,486,0,2,2.0,0.5,204,0.019266349067960063,3.930335209863853,4.941614035526646,0.9292031848184359,120,0.5882352941176471,0.18517695419009259,β
6,486,1,2,2.0,0.5,204,0.016478499131406386,3.361613822806903,4.976350120962106,0.9357348323697636,125,0.6127450980392157,0.25954916919824633,β
6,486,2,2,2.0,0.5,204,0.017685987994200163,3.6079415508168333,4.957158111456872,0.9321260364931289,122,0.5980392156862745,0.2582348997420563,β
6,486,3,2,2.0,0.5,204,0.019266349067960063,3.930335209863853,4.941614035526646,0.9292031848184359,120,0.5882352941176471,0.18517695419009259,β
6,486,0,2,2.0,0.25,98,0.04192084577416709,4.108242885868375,4.120712193764901,0.898744039719932,53,0.5408163265306123,0.19687902849181174,β
6,486,1,2,2.0,0.25,98,0.03899628959104943,3.821636379922844,4.183833362848164,0.9125110226651556,56,0.5714285714285714,0.25414198343630634,β
6,486,2,2,2.0,0.25,98,0.0487449295049225,4.777003091482405,4.243147686401417,0.9254477171628124,63,0.6428571428571429,0.23828701767056706,β
6,486,3,2,2.0,0.25,98,0.04192084577416709,4.108242885868375,4.120712193764901,0.898744039719932,53,0.5408163265306123,0.19687902849181174,β
6,486,0,3,3.0,0.5,204,0.01942969226321081,3.963657221695005,4.9718809972244795,0.9348944745473001,122,0.5980392156862745,0.20881064557890583,β
6,486,1,3,3.0,0.5,204,0.016695816541318843,3.405946574429044,4.943546163848225,0.9295664952220777,116,0.5686274509803921,0.2739741198127357,β
6,486,2,3,3.0,0.5,204,0.015754551639348986,3.213928534427193,4.971573662402751,0.9348366844218263,122,0.5980392156862745,0.24791982754060596,β
6,486,3,3,3.0,0.5,204,0.01942969226321081,3.963657221695005,4.9718809972244795,0.9348944745473001,122,0.5980392156862745,0.20881064557890583,β
6,486,0,3,3.0,0.25,99,0.04151508986770182,4.10999389690248,4.195624801158733,0.9130610164685572,59,0.5959595959595959,0.19972325470356955,β
6,486,1,3,3.0,0.25,99,0.03434214814806227,3.3998726666581645,4.171323505855239,0.907772515603279,55,0.5555555555555556,0.3183002433073608,β
6,486,2,3,3.0,0.25,99,0.04346160907391661,4.302699298317744,4.2586943400432515,0.926786347023901,60,0.6060606060606061,0.2984663196310829,β
6,486,3,3,3.0,0.25,99,0.04151508986770182,4.10999389690248,4.195624801158733,0.9130610164685572,59,0.5959595959595959,0.19972325470356955,β
8,4374,0,1,1.0,0.5,1835,0.002812102248730845,5.1602076264211005,7.182873354639591,0.9558303060057193,1154,0.6288828337874659,0.24654273357696557,β
8,4374,1,1,1.0,0.5,1835,0.002788640541252092,5.117155393197589,7.177974585441289,0.9551784231406483,1147,0.6250681198910082,0.2493408614469998,β
8,4374,2,1,1.0,0.5,1835,0.0026341606231597824,4.833684743498201,7.1718899730137124,0.9543687392340233,1135,0.6185286103542235,0.2620112171758109,β
8,4374,3,1,1.0,0.5,1835,0.002812102248730845,5.1602076264211005,7.182873354639591,0.9558303060057193,1154,0.6288828337874659,0.24654273357696557,β
8,4374,0,1,1.0,0.25,883,0.004869434691922207,4.299710832967309,6.394698414695725,0.942708513241613,523,0.5922989807474519,0.23007888246535152,β
8,4374,1,1,1.0,0.25,883,0.005505203309158643,4.8610945219870825,6.387738298747811,0.9416824506923349,524,0.5934314835787089,0.2504229632706864,β
8,4374,2,1,1.0,0.25,883,0.005819936765044203,5.1390041635340316,6.380200084328029,0.9405711646789339,515,0.5832389580973952,0.24359826527022851,β
8,4374,3,1,1.0,0.25,883,0.004869434691922207,4.299710832967309,6.394698414695725,0.942708513241613,523,0.5922989807474519,0.23007888246535152,β
8,4374,0,2,2.0,0.5,1835,0.002300918606154126,4.222185642292821,7.130311642476212,0.9488358798282263,1053,0.5738419618528611,0.25437591172133517,β
8,4374,1,2,2.0,0.5,1835,0.002368583260918411,4.346350283785284,7.1621332866636624,0.9530704097161367,1088,0.5929155313351498,0.24768070750677226,β
8,4374,2,2,2.0,0.5,1835,0.002166072084277247,3.974742274648748,7.158300736246361,0.9525604093782098,1087,0.5923705722070844,0.24606148796081506,β
8,4374,3,2,2.0,0.5,1835,0.002300918606154126,4.222185642292821,7.130311642476212,0.9488358798282263,1053,0.5738419618528611,0.25437591172133517,β
8,4374,0,2,2.0,0.25,883,0.00740899793863214,6.54214517981218,6.3987141314643985,0.9433005115094117,529,0.5990939977349944,0.25697024366363075,β
8,4374,1,2,2.0,0.25,883,0.005902886047296602,5.212248379762899,6.387225987786406,0.9416069256443306,518,0.5866364665911665,0.22484262434858232,β
8,4374,2,2,2.0,0.25,883,0.006067333937816543,5.357455867092007,6.390423170144268,0.942078255303946,522,0.5911664779161948,0.24161334387857808,β
8,4374,3,2,2.0,0.25,883,0.00740899793863214,6.54214517981218,6.3987141314643985,0.9433005115094117,529,0.5990939977349944,0.25697024366363075,β
8,4374,0,3,3.0,0.5,1836,0.002520691489703078,4.627989575094851,7.1522801459531955,0.9516902489581773,1083,0.5898692810457516,0.2649201934199351,β
8,4374,1,3,3.0,0.5,1836,0.002348335210894765,4.311543447202789,7.156781067396618,0.9522891465071576,1083,0.5898692810457516,0.2450262901125451,β
8,4374,2,3,3.0,0.5,1836,0.002346411547200694,4.308011600660475,7.152898638219448,0.9517725462181892,1083,0.5898692810457516,0.24853411209684215,β
8,4374,3,3,3.0,0.5,1836,0.002520691489703078,4.627989575094851,7.1522801459531955,0.9516902489581773,1083,0.5898692810457516,0.2649201934199351,β
8,4374,0,3,3.0,0.25,883,0.007491835956790211,6.615291149845756,6.376627256228298,0.9400444572022802,519,0.5877689694224235,0.2702495109611192,β
8,4374,1,3,3.0,0.25,883,0.0065613590479212764,5.793680039314487,6.407924980082841,0.9446583777985914,534,0.6047565118912798,0.2510945588419311,β
8,4374,2,3,3.0,0.25,883,0.006944748712245555,6.132213112912825,6.405777560447154,0.9443418044997769,534,0.6047565118912798,0.24571756051056315,β
8,4374,3,3,3.0,0.25,883,0.007491835956790211,6.615291149845756,6.376627256228298,0.9400444572022802,519,0.5877689694224235,0.2702495109611192,β
10,39366,0,1,1.0,0.5,16517,0.00035606565381944674,5.881136404135802,9.375081470756147,0.9652945928263917,10341,0.6260822183205182,0.24931272263525397,β
10,39366,1,1,1.0,0.5,16517,0.000331725075929633,5.479103079129748,9.37788991079201,0.9655837606580904,10319,0.6247502573106496,0.2537682525603082,β
10,39366,2,1,1.0,0.5,16517,0.00034975050994552593,5.776829172770252,9.375716435937118,0.9653599712935269,10305,0.6239026457589151,0.24724190892689918,β
10,39366,3,1,1.0,0.5,16517,0.00035606565381944674,5.881136404135802,9.375081470756147,0.9652945928263917,10341,0.6260822183205182,0.24931272263525397,β
10,39366,0,1,1.0,0.25,7947,0.0007562513795294718,6.009929713120712,8.579363646803085,0.9553272192619466,4691,0.5902856423807726,0.24565737324379527,β
10,39366,1,1,1.0,0.25,7947,0.000667718666421394,5.306360242050817,8.58165054523029,0.9555818694207624,4665,0.5870139675349189,0.24867655163149358,β
10,39366,2,1,1.0,0.25,7947,0.000680952439038908,5.411529033042202,8.58996206958297,0.9565073722639288,4731,0.5953189882974708,0.24645548178380478,β
10,39366,3,1,1.0,0.25,7947,0.0007562513795294718,6.009929713120712,8.579363646803085,0.9553272192619466,4691,0.5902856423807726,0.24565737324379527,β
10,39366,0,2,2.0,0.5,16516,0.0002837994119812337,4.687231088282055,9.347823405841622,0.9624939973854931,9735,0.5894284330346331,0.247844974890139,β
10,39366,1,2,2.0,0.5,16516,0.0003147505964186536,5.198420850450483,9.34866233401814,0.9625803772088039,9746,0.5900944538629208,0.24872119342203353,β
10,39366,2,2,2.0,0.5,16516,0.0002917178279993774,4.818011647237717,9.34891595933831,0.9626064916140136,9734,0.5893678856866069,0.2529417832607281,β
10,39366,3,2,2.0,0.5,16516,0.0002837994119812337,4.687231088282055,9.347823405841622,0.9624939973854931,9735,0.5894284330346331,0.247844974890139,β
10,39366,0,2,2.0,0.25,7946,0.0009198387003121799,7.309038312680581,8.573363713109124,0.9546724936206349,4603,0.5792851749307828,0.24921674276683253,β
10,39366,1,2,2.0,0.25,7946,0.0008633201054105225,6.859941557592012,8.58074554909293,0.955494485548422,4669,0.5875912408759124,0.24942784688829017,β
10,39366,2,2,2.0,0.25,7946,0.0007482513871770344,5.945605522508715,8.586393184081182,0.9561233684417313,4685,0.5896048326201863,0.2508294984890188,β
10,39366,3,2,2.0,0.25,7946,0.0009198387003121799,7.309038312680581,8.573363713109124,0.9546724936206349,4603,0.5792851749307828,0.24921674276683253,β
10,39366,0,3,3.0,0.5,16517,0.00030148074880183545,4.9795575279599165,9.351567453149574,0.9628734987674173,9748,0.5901798147363323,0.24953484786574145,β
10,39366,1,3,3.0,0.5,16517,0.00032355393387599284,5.344140325829773,9.346750897948468,0.962377567643386,9738,0.5895743779136647,0.24624630270705045,β
10,39366,2,3,3.0,0.5,16517,0.0002831704398390839,4.677126154822148,9.350703210783852,0.9627845130359199,9751,0.5903614457831325,0.2530220634251612,β
10,39366,3,3,3.0,0.5,16517,0.00030148074880183545,4.9795575279599165,9.351567453149574,0.9628734987674173,9748,0.5901798147363323,0.24953484786574145,β
10,39366,0,3,3.0,0.25,7947,0.0008873471839859265,7.051748071136157,8.588320671975975,0.9563245997558327,4727,0.5948156537058009,0.24905784524855443,β
10,39366,1,3,3.0,0.25,7947,0.0008769219459546262,6.968898704501414,8.581210756597997,0.9555328981836815,4680,0.5889014722536806,0.24652779742619207,β
10,39366,2,3,3.0,0.25,7947,0.0009372748801819834,7.4485234728062215,8.585427198898289,0.9560024064437046,4707,0.5922989807474519,0.2614309323188911,β
10,39366,3,3,3.0,0.25,7947,0.0008873471839859265,7.051748071136157,8.588320671975975,0.9563245997558327,4727,0.5948156537058009,0.24905784524855443,β
12,354294,0,1,1.0,0.5,148651,4.2925266467067405e-05,6.380883785596037,11.572649369217816,0.9717275081298481,92982,0.6255053783694694,0.24987670275127702,β
12,354294,1,1,1.0,0.5,148651,4.693836768248387e-05,6.9774352943689095,11.572964111828114,0.9717539363091395,92843,0.6245703022515826,0.25168471163110484,β
12,354294,2,1,1.0,0.5,148651,4.174685421207851e-05,6.205711625479682,11.572761387567724,0.9717369140410226,92924,0.6251152027231569,0.2504524641621727,β
12,354294,3,1,1.0,0.5,148651,4.2925266467067405e-05,6.380883785596037,11.572649369217816,0.9717275081298481,92982,0.6255053783694694,0.24987670275127702,β
12,354294,0,1,1.0,0.25,71520,0.0001094922302123882,7.830884304790004,10.78130762096971,0.9645344176848927,42276,0.5911073825503356,0.25172452824323505,β
12,354294,1,1,1.0,0.25,71520,0.00010225481133630362,7.313264106772435,10.782575531422506,0.9646478494979212,42301,0.5914569351230425,0.25197340140412544,β
12,354294,2,1,1.0,0.25,71520,9.211957320718874e-05,6.588391875778139,10.78024887833412,0.9644396987744045,42217,0.5902824384787472,0.2514010768431343,β
12,354294,3,1,1.0,0.25,71520,0.0001094922302123882,7.830884304790004,10.78130762096971,0.9645344176848927,42276,0.5911073825503356,0.25172452824323505,β
12,354294,0,2,2.0,0.5,148651,3.6138458157157e-05,5.372017943519546,11.545700413311156,0.9694646691779021,87705,0.5900061217213474,0.25119893281314015,β
12,354294,1,2,2.0,0.5,148651,3.5127085503848126e-05,5.221676387232528,11.548284856254506,0.9696816786301996,87833,0.5908671990097611,0.2513956055981901,β
12,354294,2,2,2.0,0.5,148651,3.303314357170594e-05,4.91040982507766,11.547702975287429,0.9696328194861845,87723,0.5901272107150305,0.24850104350549582,β
12,354294,3,2,2.0,0.5,148651,3.6138458157157e-05,5.372017943519546,11.545700413311156,0.9694646691779021,87705,0.5900061217213474,0.25119893281314015,β
12,354294,0,2,2.0,0.25,71520,0.00010487986846449724,7.5010081925808425,10.78438954218322,0.9648101374016033,42103,0.5886884787472035,0.24756100698841982,β
12,354294,1,2,2.0,0.25,71520,0.00011453115764502046,8.191268394771862,10.779515160441886,0.9643740577422762,41936,0.5863534675615213,0.2513074418612834,β
12,354294,2,2,2.0,0.25,71520,0.00010250109595792947,7.3308783829111155,10.780939092051142,0.9645014477671083,42023,0.5875699105145414,0.24641301603067195,β
12,354294,3,2,2.0,0.25,71520,0.00010487986846449724,7.5010081925808425,10.78438954218322,0.9648101374016033,42103,0.5886884787472035,0.24756100698841982,β
12,354294,0,3,3.0,0.5,148651,3.780865125326282e-05,5.620293817448771,11.546219450112863,0.9695082514486388,87594,0.5892594062603009,0.25044373478951376,β
12,354294,1,3,3.0,0.5,148651,3.675738813542447e-05,5.464022503718983,11.54734968865958,0.9696031548585282,87699,0.5899657587234529,0.25034671662352487,β
12,354294,2,3,3.0,0.5,148651,4.071993164532471e-05,6.0530585590091635,11.547195559889627,0.969590213036757,87631,0.5895083114139831,0.2484902499361891,β
12,354294,3,3,3.0,0.5,148651,3.780865125326282e-05,5.620293817448771,11.546219450112863,0.9695082514486388,87594,0.5892594062603009,0.25044373478951376,β
12,354294,0,3,3.0,0.25,71521,0.00010879729633297641,7.781291431030806,10.788805740418496,0.9652040189677629,42471,0.5938255896869451,0.25055342504913447,β
12,354294,1,3,3.0,0.25,71521,0.00010559656140284111,7.552371668092599,10.789318094991167,0.9652498559866671,42513,0.5944128297982411,0.24852288228401045,β
12,354294,2,3,3.0,0.25,71521,0.00011431238679067654,8.175736215655977,10.787797785959691,0.9651138438623821,42460,0.5936717887054151,0.24667195039976866,β
12,354294,3,3,3.0,0.25,71521,0.00010879729633297641,7.781291431030806,10.788805740418496,0.9652040189677629,42471,0.5938255896869451,0.25055342504913447,β
14,3188646,0,1,1.0,0.5,1337858,4.835347813211581e-06,6.46900875468762,13.770121860752065,0.9761488244817815,835910,0.6248121997999788,0.2502725205050821,β
14,3188646,1,1,1.0,0.5,1337858,5.007295327362672e-06,6.6990501120747705,13.769797681136065,0.9761258437446262,835923,0.6248219168252535,0.24961136974721132,β
14,3188646,2,1,1.0,0.5,1337858,4.669456538274934e-06,6.2470697853834265,13.76985830970062,0.9761301416370209,835875,0.6247860385780852,0.2502675248551105,β
14,3188646,3,1,1.0,0.5,1337858,4.835347813211581e-06,6.46900875468762,13.770121860752065,0.9761488244817815,835910,0.6248121997999788,0.2502725205050821,β
14,3188646,0,1,1.0,0.25,643682,1.076440886160093e-05,6.92885622485301,12.978406542880993,0.9703510478808536,380164,0.5906084060141499,0.25000019025274256,β
14,3188646,1,1,1.0,0.25,643682,1.1159055347372536e-05,7.182883064107449,12.977881974381841,0.970311827689133,380031,0.5904017822465131,0.24898688857617404,β
14,3188646,2,1,1.0,0.25,643682,1.047176119811615e-05,6.740484191525799,12.978033752320796,0.9703231756062771,380183,0.5906379236952408,0.24952431584724546,β
14,3188646,3,1,1.0,0.25,643682,1.076440886160093e-05,6.92885622485301,12.978406542880993,0.9703510478808536,380164,0.5906084060141499,0.25000019025274256,β
14,3188646,0,2,2.0,0.5,1337858,4.149066691471812e-06,5.5508620657190955,13.744187134509707,0.9743103402046821,789592,0.5901911862095978,0.25013034371067344,β
14,3188646,1,2,2.0,0.5,1337858,4.251123055629331e-06,5.6873989889581456,13.744403379209018,0.974325669554064,789489,0.5901141974708826,0.24991709285237523,β
14,3188646,2,2,2.0,0.5,1337858,4.358430462019096e-06,5.830961061055944,13.744350721994508,0.9743219367419244,789794,0.5903421738330974,0.24993723805950072,β
14,3188646,3,2,2.0,0.5,1337858,4.149066691471812e-06,5.5508620657190955,13.744187134509707,0.9743103402046821,789592,0.5901911862095978,0.25013034371067344,β
14,3188646,0,2,2.0,0.25,643682,1.2882588122510903e-05,8.292290087874063,12.97788520662594,0.9703120693529643,377676,0.586743143353395,0.24990699059623722,β
14,3188646,1,2,2.0,0.25,643682,1.2495882397744758e-05,8.043374573545142,12.979894539696703,0.9704623003111574,378327,0.5877545123213015,0.24999519559478325,β
14,3188646,2,2,2.0,0.25,643682,1.220804744920397e-05,7.85810039819851,12.978202941085188,0.9703358252712629,377861,0.5870305523534913,0.2502074187609761,β
14,3188646,3,2,2.0,0.25,643682,1.2882588122510903e-05,8.292290087874063,12.97788520662594,0.9703120693529643,377676,0.586743143353395,0.24990699059623722,β
14,3188646,0,3,3.0,0.5,1337858,4.4214796780771724e-06,5.9153119591529695,13.744549687898159,0.9743360412164472,789519,0.5901366213753627,0.25000757209099195,β
14,3188646,1,3,3.0,0.5,1337858,4.482007078759584e-06,5.996289026375139,13.744083929129168,0.9743030240885351,788918,0.5896873958222771,0.2505649312605326,β
14,3188646,2,3,3.0,0.5,1337858,4.703602253825743e-06,6.292751904098801,13.743747757294,0.9742791932361257,788749,0.5895610744937057,0.2499727106055731,β
14,3188646,3,3,3.0,0.5,1337858,4.4214796780771724e-06,5.9153119591529695,13.744549687898159,0.9743360412164472,789519,0.5901366213753627,0.25000757209099195,β
14,3188646,0,3,3.0,0.25,643682,1.378963233383713e-05,8.876138119908951,12.9847677885439,0.9708266564522474,382046,0.5935322100043189,0.2499237243340626,β
14,3188646,1,3,3.0,0.25,643682,1.3295260126300844e-05,8.55791962861758,12.985333127530941,0.9708689249138395,382231,0.5938196190044153,0.2504960210141328,β
14,3188646,2,3,3.0,0.25,643682,1.3039695901822988e-05,8.393417537477225,12.985557591940513,0.9708857073496739,382150,0.5936937804692379,0.24966573664311,β
14,3188646,3,3,3.0,0.25,643682,1.378963233383713e-05,8.876138119908951,12.9847677885439,0.9708266564522474,382046,0.5935322100043189,0.2499237243340626,β
