K,convention,r,D_K,D_avg,abs_diff,lambda_PF,n_absorbing
6,cylinder21,1,1.050193,1.609081,0.558888,0.937500,2
6,cylinder21,3,1.068238,1.236401,0.168163,0.937500,2
6,cylinder21,5,1.058366,1.863896,0.805530,0.937500,2
6,cylinder21,7,1.068238,0.737504,0.330734,0.937500,2
6,cylinder21,9,1.070866,0.695791,0.375075,0.937500,2
6,cylinder21,11,1.061981,0.657507,0.404474,0.937500,2
6,cylinder21,13,1.066667,0.557318,0.509349,0.937500,2
6,cylinder21,15,1.070339,1.057805,0.012534,0.937500,2
6,cylinder21,17,1.054264,1.131972,0.077708,0.937500,2
6,cylinder21,19,1.068238,0.627469,0.440769,0.937500,2
6,cylinder21,21,0.000000,0.930738,,0.937500,2
6,cylinder21,23,1.068238,1.398056,0.329818,0.937500,2
6,cylinder21,25,1.079365,0.543950,0.535415,0.937500,2
6,cylinder21,27,1.078830,0.801717,0.277113,0.937500,2
6,cylinder21,29,1.058366,1.353787,0.295421,0.937500,2
6,cylinder21,31,1.078830,0.766633,0.312197,0.937500,2
6,values,1,0.407291,1.609081,1.201790,0.916021,3
6,values,3,1.188392,1.236401,0.048009,0.916021,3
6,values,5,0.522483,1.863896,1.341413,0.916021,3
6,values,7,1.188392,0.737504,0.450888,0.916021,3
6,values,9,1.057308,0.695791,0.361517,0.916021,3
6,values,11,1.181432,0.657507,0.523925,0.916021,3
6,values,13,1.053161,0.557318,0.495843,0.916021,3
6,values,15,1.190730,1.057805,0.132925,0.916021,3
6,values,17,0.817739,1.131972,0.314233,0.916021,3
6,values,19,1.188392,0.627469,0.560923,0.916021,3
6,values,21,0.526581,0.930738,0.404157,0.916021,3
6,values,23,1.188392,1.398056,0.209664,0.916021,3
6,values,25,1.065699,0.543950,0.521749,0.916021,3
6,values,27,1.200176,0.801717,0.398459,0.916021,3
6,values,29,1.044966,1.353787,0.308821,0.916021,3
6,values,31,1.200176,0.766633,0.433543,0.916021,3
6,value21,1,1.016316,1.609081,0.592765,0.968750,1
6,value21,3,1.033778,1.236401,0.202623,0.968750,1
6,value21,5,1.024225,1.863896,0.839671,0.968750,1
6,value21,7,1.033778,0.737504,0.296274,0.968750,1
6,value21,9,1.036322,0.695791,0.340531,0.968750,1
6,value21,11,1.027724,0.657507,0.370217,0.968750,1
6,value21,13,1.032258,0.557318,0.474940,0.968750,1
6,value21,15,1.035812,1.057805,0.021993,0.968750,1
6,value21,17,1.020255,1.131972,0.111717,0.968750,1
6,value21,19,1.033778,0.627469,0.406309,0.968750,1
6,value21,21,0.516129,0.930738,0.414609,0.968750,1
6,value21,23,1.033778,1.398056,0.364278,0.968750,1
6,value21,25,1.044547,0.543950,0.500597,0.968750,1
6,value21,27,1.044029,0.801717,0.242312,0.968750,1
6,value21,29,1.024225,1.353787,0.329562,0.968750,1
6,value21,31,1.044029,0.766633,0.277396,0.968750,1
6,value1,1,0.398603,1.609081,1.210478,0.974340,1
6,value1,3,1.081058,1.236401,0.155343,0.974340,1
6,value1,5,1.026049,1.863896,0.837847,0.974340,1
6,value1,7,1.081029,0.737504,0.343525,0.974340,1
6,value1,9,1.025401,0.695791,0.329610,0.974340,1
6,value1,11,1.080947,0.657507,0.423440,0.974340,1
6,value1,13,1.025730,0.557318,0.468412,0.974340,1
6,value1,15,1.080974,1.057805,0.023169,0.974340,1
6,value1,17,0.812648,1.131972,0.319324,0.974340,1
6,value1,19,1.081058,0.627469,0.453589,0.974340,1
6,value1,21,1.025838,0.930738,0.095100,0.974340,1
6,value1,23,1.081029,1.398056,0.317027,0.974340,1
6,value1,25,1.025072,0.543950,0.481122,0.974340,1
6,value1,27,1.081171,0.801717,0.279454,0.974340,1
6,value1,29,1.026157,1.353787,0.327630,0.974340,1
6,value1,31,1.081086,0.766633,0.314453,0.974340,1
6,fine_cylinder,1,1.016316,1.609081,0.592765,0.968750,1
6,fine_cylinder,3,1.033778,1.236401,0.202623,0.968750,1
6,fine_cylinder,5,1.024225,1.863896,0.839671,0.968750,1
6,fine_cylinder,7,1.033778,0.737504,0.296274,0.968750,1
6,fine_cylinder,9,1.036322,0.695791,0.340531,0.968750,1
6,fine_cylinder,11,1.027724,0.657507,0.370217,0.968750,1
6,fine_cylinder,13,1.032258,0.557318,0.474940,0.968750,1
6,fine_cylinder,15,1.035812,1.057805,0.021993,0.968750,1
6,fine_cylinder,17,1.020255,1.131972,0.111717,0.968750,1
6,fine_cylinder,19,1.033778,0.627469,0.406309,0.968750,1
6,fine_cylinder,21,0.516129,0.930738,0.414609,0.968750,1
6,fine_cylinder,23,1.033778,1.398056,0.364278,0.968750,1
6,fine_cylinder,25,1.044547,0.543950,0.500597,0.968750,1
6,fine_cylinder,27,1.044029,0.801717,0.242312,0.968750,1
6,fine_cylinder,29,1.024225,1.353787,0.329562,0.968750,1
6,fine_cylinder,31,1.044029,0.766633,0.277396,0.968750,1
8,cylinder21,1,1.050193,1.609081,0.558888,0.937500,8
8,cylinder21,3,1.068238,1.236401,0.168163,0.937500,8
8,cylinder21,5,1.058366,1.863896,0.805530,0.937500,8
8,cylinder21,7,1.068238,0.737504,0.330734,0.937500,8
8,cylinder21,9,1.070866,0.695791,0.375075,0.937500,8
8,cylinder21,11,1.061981,0.657507,0.404474,0.937500,8
8,cylinder21,13,1.066667,0.557318,0.509349,0.937500,8
8,cylinder21,15,1.070339,1.057805,0.012534,0.937500,8
8,cylinder21,17,1.054264,1.131972,0.077708,0.937500,8
8,cylinder21,19,1.068238,0.627469,0.440769,0.937500,8
8,cylinder21,21,0.000000,0.930738,,0.937500,8
8,cylinder21,23,1.068238,1.398056,0.329818,0.937500,8
8,cylinder21,25,1.079365,0.543950,0.535415,0.937500,8
8,cylinder21,27,1.078830,0.801717,0.277113,0.937500,8
8,cylinder21,29,1.058366,1.353787,0.295421,0.937500,8
8,cylinder21,31,1.078830,0.766633,0.312197,0.937500,8
8,values,1,0.717289,1.609081,0.891792,0.971120,4
8,values,3,1.074392,1.236401,0.162009,0.971120,4
8,values,5,0.891538,1.863896,0.972358,0.971120,4
8,values,7,1.074392,0.737504,0.336888,0.971120,4
8,values,9,1.030935,0.695791,0.335144,0.971120,4
8,values,11,1.068099,0.657507,0.410592,0.971120,4
8,values,13,1.026892,0.557318,0.469574,0.971120,4
8,values,15,1.076505,1.057805,0.018700,0.971120,4
8,values,17,0.902086,1.131972,0.229886,0.971120,4
8,values,19,1.074392,0.627469,0.446923,0.971120,4
8,values,21,0.770169,0.930738,0.160569,0.971120,4
8,values,23,1.074392,1.398056,0.323664,0.971120,4
8,values,25,1.039117,0.543950,0.495167,0.971120,4
8,values,27,1.085045,0.801717,0.283328,0.971120,4
8,values,29,1.018901,1.353787,0.334886,0.971120,4
8,values,31,1.085045,0.766633,0.318412,0.971120,4
8,value21,1,0.995084,1.609081,0.613997,0.992254,1
8,value21,3,1.014518,1.236401,0.221883,0.992254,1
8,value21,5,0.993382,1.863896,0.870514,0.992254,1
8,value21,7,1.014773,0.737504,0.277269,0.992254,1
8,value21,9,1.000613,0.695791,0.304822,0.992254,1
8,value21,11,1.015546,0.657507,0.358039,0.992254,1
8,value21,13,1.004737,0.557318,0.447419,0.992254,1
8,value21,15,1.015763,1.057805,0.042042,0.992254,1
8,value21,17,0.996997,1.131972,0.134975,0.992254,1
8,value21,19,1.015530,0.627469,0.388061,0.992254,1
8,value21,21,0.874321,0.930738,0.056417,0.992254,1
8,value21,23,1.015762,1.398056,0.382294,0.992254,1
8,value21,25,1.007572,0.543950,0.463622,0.992254,1
8,value21,27,1.020548,0.801717,0.218831,0.992254,1
8,value21,29,0.994912,1.353787,0.358875,0.992254,1
8,value21,31,1.020778,0.766633,0.254145,0.992254,1
8,value1,1,0.759620,1.609081,0.849461,0.993774,1
8,value1,3,1.024135,1.236401,0.212266,0.993774,1
8,value1,5,1.005887,1.863896,0.858009,0.993774,1
8,value1,7,1.024391,0.737504,0.286887,0.993774,1
8,value1,9,1.013225,0.695791,0.317434,0.993774,1
8,value1,11,1.025166,0.657507,0.367659,0.993774,1
8,value1,13,1.017358,0.557318,0.460040,0.993774,1
8,value1,15,1.025393,1.057805,0.032412,0.993774,1
8,value1,17,0.959351,1.131972,0.172621,0.993774,1
8,value1,19,1.025154,0.627469,0.397685,0.993774,1
8,value1,21,1.011798,0.930738,0.081060,0.993774,1
8,value1,23,1.025391,1.398056,0.372665,0.993774,1
8,value1,25,1.020269,0.543950,0.476319,0.993774,1
8,value1,27,1.030223,0.801717,0.228506,0.993774,1
8,value1,29,1.007422,1.353787,0.346365,0.993774,1
8,value1,31,1.030460,0.766633,0.263827,0.993774,1
8,fine_cylinder,1,0.995084,1.609081,0.613997,0.992254,1
8,fine_cylinder,3,1.014518,1.236401,0.221883,0.992254,1
8,fine_cylinder,5,0.993382,1.863896,0.870514,0.992254,1
8,fine_cylinder,7,1.014773,0.737504,0.277269,0.992254,1
8,fine_cylinder,9,1.000613,0.695791,0.304822,0.992254,1
8,fine_cylinder,11,1.015546,0.657507,0.358039,0.992254,1
8,fine_cylinder,13,1.004737,0.557318,0.447419,0.992254,1
8,fine_cylinder,15,1.015763,1.057805,0.042042,0.992254,1
8,fine_cylinder,17,0.996997,1.131972,0.134975,0.992254,1
8,fine_cylinder,19,1.015530,0.627469,0.388061,0.992254,1
8,fine_cylinder,21,0.874321,0.930738,0.056417,0.992254,1
8,fine_cylinder,23,1.015762,1.398056,0.382294,0.992254,1
8,fine_cylinder,25,1.007572,0.543950,0.463622,0.992254,1
8,fine_cylinder,27,1.020548,0.801717,0.218831,0.992254,1
8,fine_cylinder,29,0.994912,1.353787,0.358875,0.992254,1
8,fine_cylinder,31,1.020778,0.766633,0.254145,0.992254,1
10,cylinder21,1,1.050193,1.609081,0.558888,0.937500,32
10,cylinder21,3,1.068238,1.236401,0.168163,0.937500,32
10,cylinder21,5,1.058366,1.863896,0.805530,0.937500,32
10,cylinder21,7,1.068238,0.737504,0.330734,0.937500,32
10,cylinder21,9,1.070866,0.695791,0.375075,0.937500,32
10,cylinder21,11,1.061981,0.657507,0.404474,0.937500,32
10,cylinder21,13,1.066667,0.557318,0.509349,0.937500,32
10,cylinder21,15,1.070339,1.057805,0.012534,0.937500,32
10,cylinder21,17,1.054264,1.131972,0.077708,0.937500,32
10,cylinder21,19,1.068238,0.627469,0.440769,0.937500,32
10,cylinder21,21,0.000000,0.930738,,0.937500,32
10,cylinder21,23,1.068238,1.398056,0.329818,0.937500,32
10,cylinder21,25,1.079365,0.543950,0.535415,0.937500,32
10,cylinder21,27,1.078830,0.801717,0.277113,0.937500,32
10,cylinder21,29,1.058366,1.353787,0.295421,0.937500,32
10,cylinder21,31,1.078830,0.766633,0.312197,0.937500,32
10,values,1,0.857623,1.609081,0.751458,0.990818,5
10,values,3,1.026127,1.236401,0.210274,0.990818,5
10,values,5,0.971954,1.863896,0.891942,0.990818,5
10,values,7,1.029968,0.737504,0.292464,0.990818,5
10,values,9,1.017326,0.695791,0.321535,0.990818,5
10,values,11,1.023437,0.657507,0.365930,0.990818,5
10,values,13,1.011297,0.557318,0.453979,0.990818,5
10,values,15,1.030725,1.057805,0.027080,0.990818,5
10,values,17,0.959263,1.131972,0.172709,0.990818,5
10,values,19,1.028671,0.627469,0.401202,0.990818,5
10,values,21,0.915200,0.930738,0.015538,0.990818,5
10,values,23,1.028177,1.398056,0.369879,0.990818,5
10,values,25,1.022046,0.543950,0.478096,0.990818,5
10,values,27,1.039132,0.801717,0.237415,0.990818,5
10,values,29,1.004701,1.353787,0.349086,0.990818,5
10,values,31,1.038621,0.766633,0.271988,0.990818,5
10,value21,1,0.975599,1.609081,0.633482,0.998039,1
10,value21,3,1.004342,1.236401,0.232059,0.998039,1
10,value21,5,0.994828,1.863896,0.869068,0.998039,1
10,value21,7,1.008894,0.737504,0.271390,0.998039,1
10,value21,9,1.005773,0.695791,0.309982,0.998039,1
10,value21,11,1.004338,0.657507,0.346831,0.998039,1
10,value21,13,1.002519,0.557318,0.445201,0.998039,1
10,value21,15,1.008534,1.057805,0.049271,0.998039,1
10,value21,17,0.979129,1.131972,0.152843,0.998039,1
10,value21,19,1.006793,0.627469,0.379324,0.998039,1
10,value21,21,0.969251,0.930738,0.038513,0.998039,1
10,value21,23,1.005934,1.398056,0.392122,0.998039,1
10,value21,25,1.010532,0.543950,0.466582,0.998039,1
10,value21,27,1.014780,0.801717,0.213063,0.998039,1
10,value21,29,0.995201,1.353787,0.358586,0.998039,1
10,value21,31,1.014788,0.766633,0.248155,0.998039,1
10,value1,1,0.907700,1.609081,0.701381,0.998444,1
10,value1,3,1.006252,1.236401,0.230149,0.998444,1
10,value1,5,0.997528,1.863896,0.866368,0.998444,1
10,value1,7,1.010808,0.737504,0.273304,0.998444,1
10,value1,9,1.008502,0.695791,0.312711,0.998444,1
10,value1,11,1.006243,0.657507,0.348736,0.998444,1
10,value1,13,1.005239,0.557318,0.447921,0.998444,1
10,value1,15,1.010449,1.057805,0.047356,0.998444,1
10,value1,17,0.985007,1.131972,0.146965,0.998444,1
10,value1,19,1.008706,0.627469,0.381237,0.998444,1
10,value1,21,1.003402,0.930738,0.072664,0.998444,1
10,value1,23,1.007846,1.398056,0.390210,0.998444,1
10,value1,25,1.013278,0.543950,0.469328,0.998444,1
10,value1,27,1.016708,0.801717,0.214991,0.998444,1
10,value1,29,0.997900,1.353787,0.355887,0.998444,1
10,value1,31,1.016717,0.766633,0.250084,0.998444,1
10,fine_cylinder,1,0.975599,1.609081,0.633482,0.998039,1
10,fine_cylinder,3,1.004342,1.236401,0.232059,0.998039,1
10,fine_cylinder,5,0.994828,1.863896,0.869068,0.998039,1
10,fine_cylinder,7,1.008894,0.737504,0.271390,0.998039,1
10,fine_cylinder,9,1.005773,0.695791,0.309982,0.998039,1
10,fine_cylinder,11,1.004338,0.657507,0.346831,0.998039,1
10,fine_cylinder,13,1.002519,0.557318,0.445201,0.998039,1
10,fine_cylinder,15,1.008534,1.057805,0.049271,0.998039,1
10,fine_cylinder,17,0.979129,1.131972,0.152843,0.998039,1
10,fine_cylinder,19,1.006793,0.627469,0.379324,0.998039,1
10,fine_cylinder,21,0.969251,0.930738,0.038513,0.998039,1
10,fine_cylinder,23,1.005934,1.398056,0.392122,0.998039,1
10,fine_cylinder,25,1.010532,0.543950,0.466582,0.998039,1
10,fine_cylinder,27,1.014780,0.801717,0.213063,0.998039,1
10,fine_cylinder,29,0.995201,1.353787,0.358586,0.998039,1
10,fine_cylinder,31,1.014788,0.766633,0.248155,0.998039,1
12,cylinder21,1,1.050193,1.609081,0.558888,0.937500,128
12,cylinder21,3,1.068238,1.236401,0.168163,0.937500,128
12,cylinder21,5,1.058366,1.863896,0.805530,0.937500,128
12,cylinder21,7,1.068238,0.737504,0.330734,0.937500,128
12,cylinder21,9,1.070866,0.695791,0.375075,0.937500,128
12,cylinder21,11,1.061981,0.657507,0.404474,0.937500,128
12,cylinder21,13,1.066667,0.557318,0.509349,0.937500,128
12,cylinder21,15,1.070339,1.057805,0.012534,0.937500,128
12,cylinder21,17,1.054264,1.131972,0.077708,0.937500,128
12,cylinder21,19,1.068238,0.627469,0.440769,0.937500,128
12,cylinder21,21,0.000000,0.930738,,0.937500,128
12,cylinder21,23,1.068238,1.398056,0.329818,0.937500,128
12,cylinder21,25,1.079365,0.543950,0.535415,0.937500,128
12,cylinder21,27,1.078830,0.801717,0.277113,0.937500,128
12,cylinder21,29,1.058366,1.353787,0.295421,0.937500,128
12,cylinder21,31,1.078830,0.766633,0.312197,0.937500,128
12,values,1,0.930908,1.609081,0.678173,0.997213,6
12,values,3,1.010354,1.236401,0.226047,0.997213,6
12,values,5,0.990143,1.863896,0.873753,0.997213,6
12,values,7,1.011070,0.737504,0.273566,0.997213,6
12,values,9,1.009067,0.695791,0.313276,0.997213,6
12,values,11,1.005523,0.657507,0.348016,0.997213,6
12,values,13,1.004631,0.557318,0.447313,0.997213,6
12,values,15,1.012565,1.057805,0.045240,0.997213,6
12,values,17,0.979021,1.131972,0.152951,0.997213,6
12,values,19,1.010976,0.627469,0.383507,0.997213,6
12,values,21,0.972312,0.930738,0.041574,0.997213,6
12,values,23,1.010699,1.398056,0.387357,0.997213,6
12,values,25,1.016193,0.543950,0.472243,0.997213,6
12,values,27,1.020967,0.801717,0.219250,0.997213,6
12,values,29,0.997058,1.353787,0.356729,0.997213,6
12,values,31,1.020722,0.766633,0.254089,0.997213,6
12,value21,1,0.976315,1.609081,0.632766,0.999510,1
12,value21,3,1.002170,1.236401,0.234231,0.999510,1
12,value21,5,0.994452,1.863896,0.869444,0.999510,1
12,value21,7,1.003814,0.737504,0.266310,0.999510,1
12,value21,9,1.005011,0.695791,0.309220,0.999510,1
12,value21,11,0.998959,0.657507,0.341452,0.999510,1
12,value21,13,1.001260,0.557318,0.443942,0.999510,1
12,value21,15,1.004778,1.057805,0.053027,0.999510,1
12,value21,17,0.987194,1.131972,0.144778,0.999510,1
12,value21,19,1.003030,0.627469,0.375561,0.999510,1
12,value21,21,0.991984,0.930738,0.061246,0.999510,1
12,value21,23,1.002835,1.398056,0.395221,0.999510,1
12,value21,25,1.011436,0.543950,0.467486,0.999510,1
12,value21,27,1.012256,0.801717,0.210539,0.999510,1
12,value21,29,0.993528,1.353787,0.360259,0.999510,1
12,value21,31,1.012061,0.766633,0.245428,0.999510,1
12,value1,1,0.960734,1.609081,0.648347,0.999609,1
12,value1,3,1.002558,1.236401,0.233843,0.999609,1
12,value1,5,0.995033,1.863896,0.868863,0.999609,1
12,value1,7,1.004202,0.737504,0.266698,0.999609,1
12,value1,9,1.005598,0.695791,0.309807,0.999609,1
12,value1,11,0.999344,0.657507,0.341837,0.999609,1
12,value1,13,1.001845,0.557318,0.444527,0.999609,1
12,value1,15,1.005166,1.057805,0.052639,0.999609,1
12,value1,17,0.988555,1.131972,0.143417,0.999609,1
12,value1,19,1.003418,0.627469,0.375949,0.999609,1
12,value1,21,1.000412,0.930738,0.069674,0.999609,1
12,value1,23,1.003223,1.398056,0.394833,0.999609,1
12,value1,25,1.012027,0.543950,0.468077,0.999609,1
12,value1,27,1.012647,0.801717,0.210930,0.999609,1
12,value1,29,0.994109,1.353787,0.359678,0.999609,1
12,value1,31,1.012452,0.766633,0.245819,0.999609,1
12,fine_cylinder,1,0.976315,1.609081,0.632766,0.999510,1
12,fine_cylinder,3,1.002170,1.236401,0.234231,0.999510,1
12,fine_cylinder,5,0.994452,1.863896,0.869444,0.999510,1
12,fine_cylinder,7,1.003814,0.737504,0.266310,0.999510,1
12,fine_cylinder,9,1.005011,0.695791,0.309220,0.999510,1
12,fine_cylinder,11,0.998959,0.657507,0.341452,0.999510,1
12,fine_cylinder,13,1.001260,0.557318,0.443942,0.999510,1
12,fine_cylinder,15,1.004778,1.057805,0.053027,0.999510,1
12,fine_cylinder,17,0.987194,1.131972,0.144778,0.999510,1
12,fine_cylinder,19,1.003030,0.627469,0.375561,0.999510,1
12,fine_cylinder,21,0.991984,0.930738,0.061246,0.999510,1
12,fine_cylinder,23,1.002835,1.398056,0.395221,0.999510,1
12,fine_cylinder,25,1.011436,0.543950,0.467486,0.999510,1
12,fine_cylinder,27,1.012256,0.801717,0.210539,0.999510,1
12,fine_cylinder,29,0.993528,1.353787,0.360259,0.999510,1
12,fine_cylinder,31,1.012061,0.766633,0.245428,0.999510,1
14,cylinder21,1,1.050193,1.609081,0.558888,0.937500,512
14,cylinder21,3,1.068238,1.236401,0.168163,0.937500,512
14,cylinder21,5,1.058366,1.863896,0.805530,0.937500,512
14,cylinder21,7,1.068238,0.737504,0.330734,0.937500,512
14,cylinder21,9,1.070866,0.695791,0.375075,0.937500,512
14,cylinder21,11,1.061981,0.657507,0.404474,0.937500,512
14,cylinder21,13,1.066667,0.557318,0.509349,0.937500,512
14,cylinder21,15,1.070339,1.057805,0.012534,0.937500,512
14,cylinder21,17,1.054264,1.131972,0.077708,0.937500,512
14,cylinder21,19,1.068238,0.627469,0.440769,0.937500,512
14,cylinder21,21,0.000000,0.930738,,0.937500,512
14,cylinder21,23,1.068238,1.398056,0.329818,0.937500,512
14,cylinder21,25,1.079365,0.543950,0.535415,0.937500,512
14,cylinder21,27,1.078830,0.801717,0.277113,0.937500,512
14,cylinder21,29,1.058366,1.353787,0.295421,0.937500,512
14,cylinder21,31,1.078830,0.766633,0.312197,0.937500,512
14,values,1,0.963612,1.609081,0.645469,0.999177,7
14,values,3,1.004353,1.236401,0.232048,0.999177,7
14,values,5,0.992252,1.863896,0.871644,0.999177,7
14,values,7,1.004665,0.737504,0.267161,0.999177,7
14,values,9,1.005595,0.695791,0.309804,0.999177,7
14,values,11,0.999086,0.657507,0.341579,0.999177,7
14,values,13,1.001845,0.557318,0.444527,0.999177,7
14,values,15,1.006406,1.057805,0.051399,0.999177,7
14,values,17,0.986139,1.131972,0.145833,0.999177,7
14,values,19,1.004755,0.627469,0.377286,0.999177,7
14,values,21,0.991770,0.930738,0.061032,0.999177,7
14,values,23,1.004375,1.398056,0.393681,0.999177,7
14,values,25,1.013547,0.543950,0.469597,0.999177,7
14,values,27,1.014392,0.801717,0.212675,0.999177,7
14,values,29,0.994268,1.353787,0.359519,0.999177,7
14,values,31,1.014338,0.766633,0.247705,0.999177,7
14,value21,1,0.980982,1.609081,0.628099,0.999878,1
14,value21,3,1.001507,1.236401,0.234894,0.999878,1
14,value21,5,0.992994,1.863896,0.870902,0.999878,1
14,value21,7,1.002294,0.737504,0.264790,0.999878,1
14,value21,9,1.004088,0.695791,0.308297,0.999878,1
14,value21,11,0.996906,0.657507,0.339399,0.999878,1
14,value21,13,1.000540,0.557318,0.443222,0.999878,1
14,value21,15,1.003712,1.057805,0.054093,0.999878,1
14,value21,17,0.988879,1.131972,0.143093,0.999878,1
14,value21,19,1.001921,0.627469,0.374452,0.999878,1
14,value21,21,0.998165,0.930738,0.067427,0.999878,1
14,value21,23,1.001556,1.398056,0.396500,0.999878,1
14,value21,25,1.011826,0.543950,0.467876,0.999878,1
14,value21,27,1.011478,0.801717,0.209761,0.999878,1
14,value21,29,0.992817,1.353787,0.360970,0.999878,1
14,value21,31,1.011325,0.766633,0.244692,0.999878,1
14,value1,1,0.977411,1.609081,0.631670,0.999902,1
14,value1,3,1.001584,1.236401,0.234817,0.999902,1
14,value1,5,0.993118,1.863896,0.870778,0.999902,1
14,value1,7,1.002371,0.737504,0.264867,0.999902,1
14,value1,9,1.004213,0.695791,0.308422,0.999902,1
14,value1,11,0.996983,0.657507,0.339476,0.999902,1
14,value1,13,1.000665,0.557318,0.443347,0.999902,1
14,value1,15,1.003789,1.057805,0.054016,0.999902,1
14,value1,17,0.989189,1.131972,0.142783,0.999902,1
14,value1,19,1.001999,0.627469,0.374530,0.999902,1
14,value1,21,1.000235,0.930738,0.069497,0.999902,1
14,value1,23,1.001633,1.398056,0.396423,0.999902,1
14,value1,25,1.011953,0.543950,0.468003,0.999902,1
14,value1,27,1.011556,0.801717,0.209839,0.999902,1
14,value1,29,0.992941,1.353787,0.360846,0.999902,1
14,value1,31,1.011404,0.766633,0.244771,0.999902,1
14,fine_cylinder,1,0.980982,1.609081,0.628099,0.999878,1
14,fine_cylinder,3,1.001507,1.236401,0.234894,0.999878,1
14,fine_cylinder,5,0.992994,1.863896,0.870902,0.999878,1
14,fine_cylinder,7,1.002294,0.737504,0.264790,0.999878,1
14,fine_cylinder,9,1.004088,0.695791,0.308297,0.999878,1
14,fine_cylinder,11,0.996906,0.657507,0.339399,0.999878,1
14,fine_cylinder,13,1.000540,0.557318,0.443222,0.999878,1
14,fine_cylinder,15,1.003712,1.057805,0.054093,0.999878,1
14,fine_cylinder,17,0.988879,1.131972,0.143093,0.999878,1
14,fine_cylinder,19,1.001921,0.627469,0.374452,0.999878,1
14,fine_cylinder,21,0.998165,0.930738,0.067427,0.999878,1
14,fine_cylinder,23,1.001556,1.398056,0.396500,0.999878,1
14,fine_cylinder,25,1.011826,0.543950,0.467876,0.999878,1
14,fine_cylinder,27,1.011478,0.801717,0.209761,0.999878,1
14,fine_cylinder,29,0.992817,1.353787,0.360970,0.999878,1
14,fine_cylinder,31,1.011325,0.766633,0.244692,0.999878,1
