k,obs_pooled,expected_geom,rel_dev,obs_mod27_r=1,obs_mod27_r=2,obs_mod27_r=4,obs_mod27_r=5,obs_mod27_r=7,obs_mod27_r=8,obs_mod27_r=10,obs_mod27_r=11,obs_mod27_r=13,obs_mod27_r=14,obs_mod27_r=16,obs_mod27_r=17,obs_mod27_r=19,obs_mod27_r=20,obs_mod27_r=22,obs_mod27_r=23,obs_mod27_r=25,obs_mod27_r=26,obs_mod81_r=1,obs_mod81_r=2,obs_mod81_r=4,obs_mod81_r=5,obs_mod81_r=7,obs_mod81_r=8,obs_mod81_r=10,obs_mod81_r=11,obs_mod81_r=13,obs_mod81_r=14
1,89904599,89893944.0,0.00011852856294746618,2404157,4792809,1559350,3279186,1210899,5284147,4799532,4547145,7850367,1264288,1209215,12191238,2204797,12878349,6093362,2329706,422554,15583498,654669,1618253,562417,2051693,891644,2226617,2829175,2303083,2944293,702342
2,43326350,44946972.0,-0.03605631097907997,2327862,3227277,670001,1029732,343824,1582515,3388972,1894087,3460279,762046,570363,6469533,888813,5229231,2523443,385444,314334,8258594,306288,704131,296555,467259,209464,820121,2283615,447197,1075161,284098
3,22344788,22473486.0,-0.005726659406555796,695909,1887900,304215,488995,1506361,545588,1100689,907639,3855783,315125,431013,2360561,350735,1998325,1210882,350538,104894,3929636,150131,298475,125802,229250,60294,257317,657423,399855,2021083,123709
4,14615862,11236743.0,0.3007205023733301,1599453,493187,154005,3341961,63239,371527,1075845,380261,785586,152188,114377,907777,176414,1485829,520074,95608,76623,2821908,1433323,161264,53914,3229641,30759,120934,284741,92742,225122,90268
5,5368604,5618371.5,-0.04445549746932897,133504,304449,66422,146222,38973,167318,274514,183706,322400,69314,48230,455963,129396,513087,267260,55343,24319,2168184,32186,130207,28902,77704,24497,57655,100177,66431,139179,27158
6,2163990,2809185.75,-0.2296735806808076,131902,128084,30768,51523,32343,79194,106407,83084,253598,66420,26202,252833,38647,292852,105932,21074,10033,453094,24117,54433,12513,29164,6485,43459,59139,19862,155280,17202
7,1041648,1404592.875,-0.2583986302792544,25024,54966,15097,27916,8811,33501,182320,38340,75698,13186,10696,146627,22910,104901,60245,13041,3918,204451,8078,15462,6353,15366,2850,10919,116516,10801,31777,7165
8,478823,702296.4375,-0.3182038603178875,14728,52371,85180,8520,2625,19438,22348,16668,34226,5649,4742,48660,8031,44892,31779,3962,2407,72597,7194,6190,81491,3975,1081,6164,9894,3916,10395,2323
9,224451,351148.21875,-0.3608083765909748,9007,17983,7035,3913,1396,9656,13173,7734,22299,5942,18992,29791,3869,26301,10180,1738,2298,33144,3714,6175,1665,1660,702,7086,4666,2733,13437,4805
10,228176,175574.109375,0.2995993589957517,8609,7765,1741,6042,754,3355,6438,3130,16796,1030,1280,135442,2180,15290,4015,951,491,12867,639,3984,1116,4298,410,1293,1961,859,2182,553
11,43982,87787.0546875,-0.4989921901746796,1043,2174,444,1194,318,1894,1783,5873,2440,707,386,5481,607,7848,4994,430,326,6040,292,588,151,485,207,1361,927,5028,844,245
12,24800,43893.52734375,-0.434996422005914,686,1320,286,926,110,1797,3662,713,1216,242,440,2061,257,1550,1583,216,82,7653,169,551,92,188,34,284,3306,128,669,102
13,10322,21946.763671875,-0.5296800861246004,263,438,110,195,114,1609,399,185,1217,148,97,1056,130,1092,882,44,76,2267,36,124,61,83,95,1486,136,51,191,121
14,3333,10973.3818359375,-0.6962650120235018,87,190,169,79,302,220,105,233,236,115,43,292,73,393,232,25,25,514,18,91,147,48,7,27,64,134,80,20
15,4950,5486.69091796875,-0.09781686739654008,43,75,12,20,15,34,44,36,912,30,14,250,228,290,62,10,6,2869,25,7,7,3,7,21,17,23,18,6
16,2361,2743.345458984375,-0.13937196926191156,6,1633,16,44,5,22,25,13,54,3,47,223,24,73,42,5,3,123,4,4,5,1,1,2,4,2,6,0
17,360,1371.6727294921875,-0.7375467250608116,17,21,4,6,1,11,39,34,50,8,1,18,2,31,7,30,3,77,1,17,1,5,0,10,1,33,41,1
18,324,685.8363647460938,-0.527584105109461,0,8,2,3,0,2,4,46,21,1,1,62,5,3,1,2,1,162,0,0,0,3,0,0,0,1,21,0
19,34,342.9181823730469,-0.9008509850229733,3,1,0,1,0,0,0,0,5,0,1,6,0,13,0,0,0,4,0,1,0,0,0,0,0,0,0,0
20,115,171.45909118652344,-0.3292860751554076,0,0,0,0,1,0,103,0,6,0,0,0,0,0,0,0,0,5,0,0,0,0,0,0,103,0,0,0
21,8,85.72954559326172,-0.9066832800216219,0,0,0,0,0,0,0,2,0,0,0,0,0,0,5,0,0,1,0,0,0,0,0,0,0,0,0,0
22,6,42.86477279663086,-0.8600249200324329,0,0,0,0,0,0,0,0,0,5,0,0,1,0,0,0,0,0,0,0,0,0,0,0,0,0,0,0
23,2,21.43238639831543,-0.9066832800216219,0,0,0,0,0,2,0,0,0,0,0,0,0,0,0,0,0,0,0,0,0,0,0,2,0,0,0,0
24,0,10.716193199157715,-1.0,0,0,0,0,0,0,0,0,0,0,0,0,0,0,0,0,0,0,0,0,0,0,0,0,0,0,0,0
25,0,5.358096599578857,-1.0,0,0,0,0,0,0,0,0,0,0,0,0,0,0,0,0,0,0,0,0,0,0,0,0,0,0,0,0
26,0,2.6790482997894287,-1.0,0,0,0,0,0,0,0,0,0,0,0,0,0,0,0,0,0,0,0,0,0,0,0,0,0,0,0,0
27,0,1.3395241498947144,-1.0,0,0,0,0,0,0,0,0,0,0,0,0,0,0,0,0,0,0,0,0,0,0,0,0,0,0,0,0
28,0,0.6697620749473572,-0.6697620749473572,0,0,0,0,0,0,0,0,0,0,0,0,0,0,0,0,0,0,0,0,0,0,0,0,0,0,0,0
29,0,0.3348810374736786,-0.3348810374736786,0,0,0,0,0,0,0,0,0,0,0,0,0,0,0,0,0,0,0,0,0,0,0,0,0,0,0,0
