r,b,n_visits,coprime_frac,pearson_pi4
1,6,247258,1.000000,-0.050427
1,7,327929,1.000000,0.508704
1,8,168466,1.000000,0.129350
1,9,749834,1.000000,0.117665
1,10,165875,1.000000,0.092366
1,11,180719,1.000000,0.677368
1,12,205613,1.000000,0.783923
1,13,227881,1.000000,0.836518
1,14,205410,1.000000,0.811824
1,15,217634,1.000000,0.958943
1,16,229909,0.999991,0.949628
1,17,229969,0.999996,0.951879
1,18,218160,1.000000,0.975852
1,19,222228,0.999991,0.996697
1,20,225848,0.999956,0.996493
1,21,221827,0.999959,0.996381
1,22,223101,0.999924,0.998932
1,23,223590,0.999718,0.999113
1,24,226258,0.999412,0.999511
1,25,225734,0.998901,0.999612
1,26,225935,0.997840,0.999687
1,27,225033,0.995907,0.999794
1,28,225798,0.991506,0.999795
1,29,225881,0.982863,0.999546
1,30,225266,0.965148,0.998796
1,31,225502,0.930187,0.992563
1,32,130856,1.000000,0.965476
1,33,67625,1.000000,0.902577
1,34,33492,1.000000,0.842955
1,35,16293,1.000000,0.844685
1,36,8272,1.000000,0.841907
1,37,4197,1.000000,0.845607
1,38,2181,1.000000,0.832024
1,39,1046,1.000000,0.857010
1,40,524,1.000000,0.826111
1,41,249,1.000000,0.843128
3,5,673899,1.000000,-0.072787
3,6,146513,1.000000,-0.057323
3,7,102830,1.000000,-0.086802
3,8,151837,1.000000,0.487347
3,9,179299,1.000000,0.204927
3,10,158593,1.000000,0.030629
3,11,780028,0.999999,0.390753
3,12,181943,1.000000,0.686726
3,13,229109,1.000000,0.865713
3,14,218809,1.000000,0.894384
3,15,227708,1.000000,0.839725
3,16,212514,1.000000,0.968543
3,17,221250,0.999995,0.987718
3,18,224209,0.999996,0.981556
3,19,223557,0.999987,0.987412
3,20,226975,0.999969,0.997550
3,21,222989,0.999928,0.998651
3,22,221740,0.999847,0.999378
3,23,226187,0.999713,0.999349
3,24,225920,0.999451,0.999485
3,25,225936,0.998920,0.999814
3,26,224449,0.997821,0.999703
3,27,224632,0.995913,0.999871
3,28,225609,0.991565,0.999769
3,29,225718,0.982664,0.999660
3,30,224748,0.965041,0.998827
3,31,226356,0.930137,0.992835
3,32,130791,1.000000,0.966363
3,33,67840,1.000000,0.904630
3,34,33725,1.000000,0.839946
3,35,16705,1.000000,0.854662
3,36,8470,1.000000,0.844994
3,37,4288,1.000000,0.845565
3,38,2157,1.000000,0.853866
3,39,1079,1.000000,0.838662
3,40,518,1.000000,0.818011
3,41,264,1.000000,0.828685
5,2,1406281,1.000000,-0.013106
5,5,262415,1.000000,0.004225
5,6,214362,1.000000,0.350540
5,7,93021,1.000000,-0.120992
5,8,765336,1.000000,0.044272
5,9,156774,1.000000,0.154437
5,10,168679,1.000000,0.173902
5,11,763596,1.000000,0.554254
5,12,181517,1.000000,0.782039
5,13,248807,1.000000,0.823035
5,14,214713,1.000000,0.887166
5,15,223520,1.000000,0.950309
5,16,220500,1.000000,0.984363
5,17,216531,0.999995,0.964441
5,18,214746,0.999995,0.992021
5,19,224655,0.999973,0.991819
5,20,231454,0.999970,0.987033
5,21,224559,0.999889,0.998128
5,22,224803,0.999849,0.999416
5,23,224228,0.999728,0.999035
5,24,224901,0.999444,0.999472
5,25,225130,0.999027,0.999815
5,26,226279,0.997905,0.999671
5,27,224729,0.995844,0.999769
5,28,225866,0.991220,0.999757
5,29,224947,0.982556,0.999531
5,30,225287,0.965528,0.998858
5,31,225139,0.930341,0.992709
5,32,131234,1.000000,0.966433
5,33,67446,1.000000,0.905094
5,34,33806,1.000000,0.841600
5,35,16861,1.000000,0.844421
5,36,8363,1.000000,0.852739
5,37,4295,1.000000,0.858036
5,38,2104,1.000000,0.853336
5,39,1035,1.000000,0.839985
5,40,543,1.000000,0.818242
5,41,285,1.000000,0.848092
7,2,286217,1.000000,-0.101437
7,6,747677,1.000000,0.198337
7,7,541643,1.000000,-0.012788
7,8,564563,1.000000,0.338798
7,9,141186,1.000000,0.492245
7,10,121335,1.000000,0.146914
7,11,182485,1.000000,0.521904
7,12,232820,1.000000,0.848345
7,13,267030,1.000000,0.819395
7,14,224843,1.000000,0.834626
7,15,210758,0.999995,0.955017
7,16,217096,1.000000,0.959830
7,17,215425,0.999995,0.985766
7,18,223119,0.999991,0.995905
7,19,220645,0.999982,0.988555
7,20,220659,0.999973,0.993406
7,21,220466,0.999909,0.998924
7,22,225092,0.999853,0.998677
7,23,224902,0.999671,0.999678
7,24,224626,0.999381,0.999517
7,25,224064,0.998915,0.999784
7,26,225116,0.997841,0.999760
7,27,225403,0.995825,0.999864
7,28,225435,0.991674,0.999735
7,29,225293,0.982769,0.999569
7,30,225151,0.965428,0.998671
7,31,225098,0.930128,0.992513
7,32,131335,1.000000,0.966268
7,33,67761,1.000000,0.901489
7,34,33463,1.000000,0.846514
7,35,16778,1.000000,0.847470
7,36,8440,1.000000,0.857500
7,37,4149,1.000000,0.852496
7,38,2107,1.000000,0.836004
7,39,1080,1.000000,0.844829
7,40,520,1.000000,0.830662
7,41,281,1.000000,0.841622
9,5,84517,1.000000,-0.092788
9,6,67909,1.000000,-0.081547
9,7,953729,1.000000,0.343576
9,8,639133,1.000000,0.349102
9,9,112749,1.000000,0.345937
9,10,147141,1.000000,0.252753
9,11,202350,1.000000,0.600157
9,12,174682,1.000000,0.573396
9,13,202607,1.000000,0.861154
9,14,266511,1.000000,0.754976
9,15,212649,1.000000,0.819064
9,16,212245,0.999995,0.974760
9,17,218367,1.000000,0.979032
9,18,219840,1.000000,0.991845
9,19,224577,0.999978,0.991621
9,20,220932,0.999959,0.998394
9,21,222664,0.999937,0.998786
9,22,221844,0.999896,0.999544
9,23,227609,0.999736,0.998920
9,24,224174,0.999420,0.999194
9,25,225647,0.999003,0.999216
9,26,224184,0.997792,0.999721
9,27,225556,0.995442,0.999786
9,28,225919,0.991019,0.999736
9,29,224582,0.982487,0.999428
9,30,225439,0.965263,0.998823
9,31,225888,0.931581,0.992507
9,32,130848,1.000000,0.965758
9,33,67967,1.000000,0.902295
9,34,33419,1.000000,0.844075
9,35,16617,1.000000,0.852246
9,36,8542,1.000000,0.842477
9,37,4192,1.000000,0.844808
9,38,2106,1.000000,0.860751
9,39,1027,1.000000,0.841691
9,40,551,1.000000,0.868100
9,41,243,1.000000,0.865445
11,3,668373,1.000000,-0.030269
11,5,103095,1.000000,-0.073714
11,6,299244,1.000000,0.349369
11,7,61600,1.000000,-0.159979
11,8,603012,1.000000,0.364208
11,9,167442,1.000000,0.548067
11,10,193431,1.000000,0.180275
11,11,193162,1.000000,0.564930
11,12,177679,1.000000,0.602144
11,13,222863,0.999996,0.807258
11,14,239292,0.999996,0.826522
11,15,227994,1.000000,0.953872
11,16,234716,0.999996,0.920522
11,17,208728,0.999990,0.987627
11,18,218190,1.000000,0.994385
11,19,224621,0.999969,0.995375
11,20,221130,0.999982,0.993998
11,21,221463,0.999964,0.998527
11,22,223226,0.999843,0.999003
11,23,224867,0.999662,0.999175
11,24,225368,0.999472,0.999367
11,25,226291,0.998913,0.999320
11,26,224531,0.997791,0.999846
11,27,226095,0.995688,0.999653
11,28,225939,0.991033,0.999844
11,29,225626,0.982626,0.999558
11,30,225423,0.965119,0.998829
11,31,225817,0.930590,0.992112
11,32,130717,1.000000,0.965441
11,33,67791,1.000000,0.903474
11,34,33766,1.000000,0.846125
11,35,16632,1.000000,0.846293
11,36,8275,1.000000,0.846026
11,37,4294,1.000000,0.843140
11,38,2105,1.000000,0.836067
11,39,1078,1.000000,0.848307
11,40,515,1.000000,0.833838
11,41,276,1.000000,0.837736
13,3,714434,1.000000,0.107524
13,6,152444,1.000000,-0.082630
13,7,166631,1.000000,-0.067320
13,8,161275,1.000000,0.295531
13,9,143999,1.000000,0.421503
13,10,209241,1.000000,0.406546
13,11,174594,1.000000,0.671028
13,12,212019,1.000000,0.683784
13,13,195630,1.000000,0.870518
13,14,212662,0.999995,0.667507
13,15,221647,0.999995,0.879097
13,16,249302,1.000000,0.857053
13,17,214557,0.999991,0.988938
13,18,228385,0.999987,0.958713
13,19,221970,0.999986,0.988616
13,20,220697,0.999959,0.996750
13,21,224500,0.999938,0.998159
13,22,224377,0.999871,0.998268
13,23,226699,0.999815,0.998618
13,24,224350,0.999425,0.999559
13,25,226013,0.999013,0.999798
13,26,224885,0.997674,0.999783
13,27,226835,0.995799,0.999779
13,28,225395,0.991317,0.999802
13,29,225595,0.982854,0.999615
13,30,225681,0.965376,0.998678
13,31,225897,0.930105,0.992542
13,32,131202,1.000000,0.966527
13,33,67468,1.000000,0.903883
13,34,33436,1.000000,0.841927
13,35,16755,1.000000,0.847998
13,36,8294,1.000000,0.847888
13,37,4237,1.000000,0.853474
13,38,2048,1.000000,0.821243
13,39,1081,1.000000,0.851048
13,40,541,1.000000,0.842714
13,41,283,1.000000,0.814893
15,5,278818,1.000000,0.059095
15,6,10100,1.000000,-0.121128
15,7,616580,1.000000,0.089464
15,8,147875,1.000000,0.198457
15,9,1224131,1.000000,0.505219
15,10,144828,1.000000,0.329095
15,11,204341,1.000000,0.680653
15,12,218989,1.000000,0.525677
15,13,219211,1.000000,0.789511
15,14,205730,1.000000,0.915606
15,15,208142,1.000000,0.962244
15,16,224957,1.000000,0.921936
15,17,215378,0.999991,0.983896
15,18,216852,1.000000,0.992914
15,19,225751,0.999987,0.983380
15,20,218766,0.999954,0.997836
15,21,225241,0.999907,0.997723
15,22,222552,0.999838,0.998758
15,23,226146,0.999682,0.998869
15,24,224217,0.999411,0.999696
15,25,224923,0.998889,0.999458
15,26,225849,0.997875,0.999787
15,27,225517,0.995583,0.999777
15,28,225880,0.991367,0.999699
15,29,224561,0.982668,0.999567
15,30,225732,0.965131,0.998768
15,31,225502,0.930648,0.992380
15,32,131337,1.000000,0.966386
15,33,68332,1.000000,0.904617
15,34,33247,1.000000,0.845257
15,35,16731,1.000000,0.845521
15,36,8489,1.000000,0.850184
15,37,4264,1.000000,0.837300
15,38,2114,1.000000,0.841129
15,39,1037,1.000000,0.834133
15,40,538,1.000000,0.834691
15,41,282,1.000000,0.828352
17,4,691962,1.000000,0.049030
17,5,208612,1.000000,-0.042646
17,6,30196,1.000000,-0.085967
17,7,115849,1.000000,0.013221
17,8,720466,1.000000,0.004114
17,9,631565,1.000000,0.378419
17,10,232440,1.000000,0.550942
17,11,159152,1.000000,0.354232
17,12,212866,1.000000,0.441244
17,13,245395,1.000000,0.732655
17,14,249444,1.000000,0.702207
17,15,226267,1.000000,0.927366
17,16,227193,1.000000,0.913876
17,17,216869,1.000000,0.978457
17,18,216555,0.999995,0.993217
17,19,220605,0.999991,0.997743
17,20,225104,0.999991,0.995968
17,21,221597,0.999910,0.998465
17,22,223602,0.999821,0.998409
17,23,224442,0.999688,0.999638
17,24,225797,0.999491,0.999693
17,25,226026,0.999040,0.999679
17,26,225581,0.997894,0.999765
17,27,226155,0.995441,0.999703
17,28,225667,0.991160,0.999733
17,29,226357,0.982302,0.999592
17,30,226279,0.965291,0.998681
17,31,224801,0.930352,0.992453
17,32,131119,1.000000,0.966179
17,33,67580,1.000000,0.901951
17,34,34085,1.000000,0.845490
17,35,16743,1.000000,0.849483
17,36,8341,1.000000,0.847760
17,37,4183,1.000000,0.839848
17,38,2119,1.000000,0.843731
17,39,1025,1.000000,0.807718
17,40,547,1.000000,0.872072
17,41,264,1.000000,0.841389
19,4,269950,1.000000,-0.062259
19,6,111614,1.000000,0.019485
19,7,104142,1.000000,0.018806
19,8,133212,1.000000,0.034515
19,9,106131,1.000000,0.185671
19,10,741762,1.000000,0.563357
19,11,178826,1.000000,0.609037
19,12,191568,1.000000,0.680085
19,13,196138,1.000000,0.923369
19,14,199002,1.000000,0.766152
19,15,224233,0.999996,0.820745
19,16,219497,0.999991,0.973571
19,17,209033,0.999990,0.991000
19,18,233502,0.999987,0.951841
19,19,216405,0.999986,0.996199
19,20,228797,0.999969,0.992850
19,21,226659,0.999951,0.998553
19,22,224679,0.999884,0.997681
19,23,224529,0.999786,0.998827
19,24,223389,0.999467,0.999720
19,25,225600,0.998887,0.999765
19,26,224345,0.997829,0.999792
19,27,225287,0.995561,0.999734
19,28,226313,0.991216,0.999711
19,29,225105,0.982559,0.999626
19,30,225571,0.964863,0.998902
19,31,225569,0.931258,0.992820
19,32,131355,1.000000,0.965418
19,33,67226,1.000000,0.903351
19,34,33845,1.000000,0.844928
19,35,16758,1.000000,0.853685
19,36,8529,1.000000,0.848462
19,37,4173,1.000000,0.842321
19,38,2111,1.000000,0.840869
19,39,1017,1.000000,0.852658
19,40,555,1.000000,0.836447
19,41,247,1.000000,0.833247
21,5,682267,1.000000,0.019674
21,6,35808,1.000000,-0.068566
21,7,64779,1.000000,-0.053328
21,8,115128,1.000000,-0.008649
21,9,220732,1.000000,0.319029
21,10,165108,1.000000,0.416929
21,11,232511,1.000000,0.417799
21,12,234174,1.000000,0.499950
21,13,200124,1.000000,0.895844
21,14,240591,1.000000,0.779456
21,15,244829,0.999992,0.809543
21,16,213589,0.999995,0.985343
21,17,217696,1.000000,0.986227
21,18,230025,0.999987,0.990327
21,19,227614,0.999982,0.996201
21,20,221714,0.999968,0.998493
21,21,223210,0.999928,0.997937
21,22,222650,0.999901,0.997660
21,23,226554,0.999753,0.998848
21,24,225544,0.999548,0.999467
21,25,227014,0.998877,0.999810
21,26,224692,0.997850,0.999789
21,27,225643,0.995803,0.999598
21,28,225466,0.991090,0.999795
21,29,226184,0.983248,0.999555
21,30,225301,0.965340,0.998928
21,31,225531,0.930156,0.992132
21,32,131397,1.000000,0.965601
21,33,67797,1.000000,0.905724
21,34,33859,1.000000,0.842660
21,35,16795,1.000000,0.850345
21,36,8237,1.000000,0.846951
21,37,4306,1.000000,0.839682
21,38,2170,1.000000,0.827598
21,39,1093,1.000000,0.836837
21,40,498,1.000000,0.850074
21,41,250,1.000000,0.847838
23,4,648368,1.000000,-0.108308
23,5,81675,1.000000,-0.082414
23,6,60840,1.000000,0.009804
23,7,160556,1.000000,-0.015851
23,8,124554,1.000000,0.011893
23,9,143283,1.000000,0.027962
23,10,1268948,1.000000,0.512877
23,11,187425,1.000000,0.296486
23,12,180578,1.000000,0.812196
23,13,225634,0.999996,0.576599
23,14,215476,1.000000,0.802093
23,15,235604,0.999996,0.770153
23,16,197617,1.000000,0.983304
23,17,228381,0.999996,0.946358
23,18,222724,0.999987,0.992307
23,19,219475,0.999986,0.997213
23,20,224539,0.999942,0.996471
23,21,223965,0.999929,0.998529
23,22,224337,0.999844,0.997466
23,23,222612,0.999713,0.999545
23,24,226398,0.999439,0.999221
23,25,224516,0.999016,0.999636
23,26,224802,0.997838,0.999565
23,27,225237,0.995636,0.999780
23,28,226307,0.991463,0.999779
23,29,225617,0.982293,0.999567
23,30,225866,0.965435,0.998914
23,31,225116,0.930107,0.992476
23,32,131053,1.000000,0.966059
23,33,67968,1.000000,0.903665
23,34,33778,1.000000,0.849486
23,35,16789,1.000000,0.847487
23,36,8526,1.000000,0.841111
23,37,4279,1.000000,0.848532
23,38,2082,1.000000,0.823320
23,39,1050,1.000000,0.842010
23,40,526,1.000000,0.826915
23,41,273,1.000000,0.852868
25,4,52039,1.000000,-0.116306
25,6,449166,1.000000,0.173167
25,7,26416,1.000000,-0.136780
25,8,624997,1.000000,0.009927
25,9,109128,1.000000,0.053455
25,10,175456,1.000000,0.433133
25,11,218225,1.000000,0.576240
25,12,186546,1.000000,0.765879
25,13,221259,1.000000,0.677293
25,14,219736,1.000000,0.778047
25,15,209337,1.000000,0.887786
25,16,218729,0.999991,0.904267
25,17,213977,0.999995,0.986712
25,18,236377,0.999992,0.984552
25,19,221685,0.999995,0.994999
25,20,225423,0.999973,0.993218
25,21,220576,0.999937,0.998341
25,22,225981,0.999907,0.998079
25,23,223723,0.999732,0.999523
25,24,224097,0.999523,0.999355
25,25,225613,0.998927,0.999800
25,26,224487,0.997911,0.999870
25,27,225697,0.995742,0.999794
25,28,225764,0.990880,0.999759
25,29,225330,0.982612,0.999523
25,30,225591,0.965056,0.998781
25,31,225084,0.930484,0.992898
25,32,131273,1.000000,0.965156
25,33,67822,1.000000,0.904640
25,34,33071,1.000000,0.845390
25,35,16813,1.000000,0.847323
25,36,8339,1.000000,0.850584
25,37,4272,1.000000,0.857123
25,38,2054,1.000000,0.863165
25,39,1082,1.000000,0.850406
25,40,561,1.000000,0.823715
25,41,259,1.000000,0.830566
27,5,114412,1.000000,-0.065048
27,6,424052,1.000000,0.108109
27,7,986605,1.000000,0.094711
27,8,577953,1.000000,0.184318
27,9,138673,1.000000,0.000914
27,10,177357,1.000000,0.517653
27,11,138998,1.000000,0.332725
27,12,234813,1.000000,0.607661
27,13,229774,1.000000,0.729563
27,14,202470,1.000000,0.727372
27,15,223781,0.999996,0.845810
27,16,197908,0.999995,0.968532
27,17,233474,0.999996,0.969733
27,18,229017,0.999987,0.987689
27,19,217730,0.999972,0.997127
27,20,223520,0.999928,0.988472
27,21,220834,0.999896,0.998061
27,22,225504,0.999889,0.998222
27,23,223746,0.999732,0.999085
27,24,225317,0.999534,0.999647
27,25,224800,0.999070,0.999871
27,26,224569,0.997702,0.999721
27,27,225510,0.995481,0.999836
27,28,225704,0.991662,0.999724
27,29,224789,0.982646,0.999475
27,30,225013,0.965740,0.998751
27,31,225366,0.930198,0.992429
27,32,131636,1.000000,0.965889
27,33,67067,1.000000,0.905723
27,34,33752,1.000000,0.839531
27,35,16688,1.000000,0.852884
27,36,8472,1.000000,0.854598
27,37,4150,1.000000,0.862026
27,38,2085,1.000000,0.852658
27,39,1121,1.000000,0.830143
27,40,491,1.000000,0.840917
27,41,246,1.000000,0.856423
29,4,358953,1.000000,-0.030506
29,5,616386,1.000000,-0.113555
29,6,138352,1.000000,0.148633
29,7,178697,1.000000,0.142887
29,8,564883,1.000000,0.202724
29,9,144366,1.000000,-0.100018
29,10,198104,1.000000,0.597697
29,11,690630,1.000000,0.527481
29,12,191407,1.000000,0.803122
29,13,203897,1.000000,0.838990
29,14,231889,0.999996,0.823412
29,15,202143,0.999995,0.859456
29,16,220323,1.000000,0.914711
29,17,210832,1.000000,0.989408
29,18,217206,0.999977,0.994509
29,19,222484,0.999991,0.995039
29,20,221837,0.999982,0.998805
29,21,229741,0.999913,0.994436
29,22,224369,0.999871,0.999612
29,23,222804,0.999704,0.999118
29,24,225181,0.999418,0.999569
29,25,224878,0.998906,0.999678
29,26,225261,0.997714,0.999741
29,27,224530,0.995564,0.999632
29,28,225998,0.991296,0.999726
29,29,226321,0.982520,0.999512
29,30,225274,0.965269,0.998724
29,31,225346,0.930671,0.992626
29,32,131091,1.000000,0.966095
29,33,67416,1.000000,0.903215
29,34,34152,1.000000,0.845987
29,35,16852,1.000000,0.852553
29,36,8361,1.000000,0.845416
29,37,4185,1.000000,0.840919
29,38,2147,1.000000,0.844656
29,39,1032,1.000000,0.834068
29,40,489,1.000000,0.879872
29,41,276,1.000000,0.813542
31,4,137616,1.000000,-0.085855
31,6,122651,1.000000,-0.100338
31,7,53845,1.000000,-0.043138
31,8,1173815,1.000000,0.192007
31,9,128527,1.000000,0.100249
31,10,185553,1.000000,0.338144
31,11,215926,1.000000,0.544662
31,12,217596,1.000000,0.574813
31,13,208023,1.000000,0.936257
31,14,189532,1.000000,0.946161
31,15,215954,1.000000,0.889596
31,16,203298,0.999995,0.982432
31,17,215557,0.999991,0.986183
31,18,213934,0.999986,0.988197
31,19,224310,0.999964,0.992976
31,20,226940,0.999960,0.998027
31,21,222381,0.999901,0.999272
31,22,223088,0.999843,0.999573
31,23,224125,0.999746,0.999715
31,24,222902,0.999466,0.999808
31,25,224796,0.998892,0.999719
31,26,224572,0.997720,0.999862
31,27,225430,0.995626,0.999737
31,28,226016,0.991279,0.999687
31,29,225619,0.982785,0.999606
31,30,225148,0.965858,0.998746
31,31,225546,0.930985,0.992956
31,32,131814,1.000000,0.967094
31,33,67564,1.000000,0.903029
31,34,33553,1.000000,0.840650
31,35,17032,1.000000,0.850083
31,36,8599,1.000000,0.843249
31,37,4259,1.000000,0.842100
31,38,2129,1.000000,0.841058
31,39,1083,1.000000,0.827099
31,40,585,1.000000,0.848944
31,41,259,1.000000,0.809439
