y_idx,n_pre_struct,n_pre_weighted,max_weight,col_entropy,col_sum
0,60,60,2.500000e-01,1.680777,9.523810e-01
1,60,60,5.000000e-01,1.680777,1.904762e+00
2,60,60,2.500000e-01,1.404093,8.095238e-01
3,60,60,1.250000e-01,1.680777,4.761905e-01
4,60,60,6.250000e-02,1.680777,2.380952e-01
5,60,60,5.000000e-01,1.404093,1.619048e+00
6,60,60,2.500000e-01,1.680777,9.523810e-01
7,60,60,5.000000e-01,1.680777,1.904762e+00
8,60,60,2.500000e-01,1.404093,8.095238e-01
9,60,60,1.250000e-01,1.680777,4.761905e-01
10,60,60,6.250000e-02,1.680777,2.380952e-01
11,60,60,5.000000e-01,1.404093,1.619048e+00
12,60,60,2.500000e-01,1.680777,9.523810e-01
13,60,60,5.000000e-01,1.680777,1.904762e+00
14,60,60,2.500000e-01,1.404093,8.095238e-01
15,60,60,1.250000e-01,1.680777,4.761905e-01
16,60,60,6.250000e-02,1.680777,2.380952e-01
17,60,60,5.000000e-01,1.404093,1.619048e+00
18,60,60,2.500000e-01,1.680777,9.523810e-01
19,60,60,5.000000e-01,1.680777,1.904762e+00
20,60,60,2.500000e-01,1.404093,8.095238e-01
21,60,60,1.250000e-01,1.680777,4.761905e-01
22,60,60,6.250000e-02,1.680777,2.380952e-01
23,60,60,5.000000e-01,1.404093,1.619048e+00
24,60,60,2.500000e-01,1.680777,9.523810e-01
25,60,60,5.000000e-01,1.680777,1.904762e+00
26,60,60,2.500000e-01,1.404093,8.095238e-01
27,60,60,1.250000e-01,1.680777,4.761905e-01
28,60,60,6.250000e-02,1.680777,2.380952e-01
29,60,60,5.000000e-01,1.404093,1.619048e+00
30,60,60,2.500000e-01,1.680777,9.523810e-01
31,60,60,5.000000e-01,1.680777,1.904762e+00
32,60,60,2.500000e-01,1.404093,8.095238e-01
33,60,60,1.250000e-01,1.680777,4.761905e-01
34,60,60,6.250000e-02,1.680777,2.380952e-01
35,60,60,5.000000e-01,1.404093,1.619048e+00
36,60,60,2.500000e-01,1.680777,9.523810e-01
37,60,60,5.000000e-01,1.680777,1.904762e+00
38,60,60,2.500000e-01,1.404093,8.095238e-01
39,60,60,1.250000e-01,1.680777,4.761905e-01
40,60,60,6.250000e-02,1.680777,2.380952e-01
41,60,60,5.000000e-01,1.404093,1.619048e+00
42,60,60,2.500000e-01,1.680777,9.523810e-01
43,60,60,5.000000e-01,1.680777,1.904762e+00
44,60,60,2.500000e-01,1.404093,8.095238e-01
45,60,60,1.250000e-01,1.680777,4.761905e-01
46,60,60,6.250000e-02,1.680777,2.380952e-01
47,60,60,5.000000e-01,1.404093,1.619048e+00
48,60,60,2.500000e-01,1.680777,9.523810e-01
49,60,60,5.000000e-01,1.680777,1.904762e+00
50,60,60,2.500000e-01,1.404093,8.095238e-01
51,60,60,1.250000e-01,1.680777,4.761905e-01
52,60,60,6.250000e-02,1.680777,2.380952e-01
53,60,60,5.000000e-01,1.404093,1.619048e+00
54,60,60,2.500000e-01,1.680777,9.523810e-01
55,60,60,5.000000e-01,1.680777,1.904762e+00
56,60,60,2.500000e-01,1.404093,8.095238e-01
57,60,60,1.250000e-01,1.680777,4.761905e-01
58,60,60,6.250000e-02,1.680777,2.380952e-01
59,60,60,5.000000e-01,1.404093,1.619048e+00
60,60,60,2.500000e-01,1.680777,9.523810e-01
61,60,60,5.000000e-01,1.680777,1.904762e+00
62,60,60,2.500000e-01,1.404093,8.095238e-01
63,60,60,1.250000e-01,1.680777,4.761905e-01
64,60,60,6.250000e-02,1.680777,2.380952e-01
65,60,60,5.000000e-01,1.404093,1.619048e+00
66,60,60,2.500000e-01,1.680777,9.523810e-01
67,60,60,5.000000e-01,1.680777,1.904762e+00
68,60,60,2.500000e-01,1.404093,8.095238e-01
69,60,60,1.250000e-01,1.680777,4.761905e-01
70,60,60,6.250000e-02,1.680777,2.380952e-01
71,60,60,5.000000e-01,1.404093,1.619048e+00
72,60,60,2.500000e-01,1.680777,9.523810e-01
73,60,60,5.000000e-01,1.680777,1.904762e+00
74,60,60,2.500000e-01,1.404093,8.095238e-01
75,60,60,1.250000e-01,1.680777,4.761905e-01
76,60,60,6.250000e-02,1.680777,2.380952e-01
77,60,60,5.000000e-01,1.404093,1.619048e+00
78,60,60,2.500000e-01,1.680777,9.523810e-01
79,60,60,5.000000e-01,1.680777,1.904762e+00
80,60,60,2.500000e-01,1.404093,8.095238e-01
81,60,60,1.250000e-01,1.680777,4.761905e-01
82,60,60,6.250000e-02,1.680777,2.380952e-01
83,60,60,5.000000e-01,1.404093,1.619048e+00
84,60,60,2.500000e-01,1.680777,9.523810e-01
85,60,60,5.000000e-01,1.680777,1.904762e+00
86,60,60,2.500000e-01,1.404093,8.095238e-01
87,60,60,1.250000e-01,1.680777,4.761905e-01
88,60,60,6.250000e-02,1.680777,2.380952e-01
89,60,60,5.000000e-01,1.404093,1.619048e+00
90,60,60,2.500000e-01,1.680777,9.523810e-01
91,60,60,5.000000e-01,1.680777,1.904762e+00
92,60,60,2.500000e-01,1.404093,8.095238e-01
93,60,60,1.250000e-01,1.680777,4.761905e-01
94,60,60,6.250000e-02,1.680777,2.380952e-01
95,60,60,5.000000e-01,1.404093,1.619048e+00
96,60,60,2.500000e-01,1.680777,9.523810e-01
97,60,60,5.000000e-01,1.680777,1.904762e+00
98,60,60,2.500000e-01,1.404093,8.095238e-01
99,60,60,1.250000e-01,1.680777,4.761905e-01
100,60,60,6.250000e-02,1.680777,2.380952e-01
101,60,60,5.000000e-01,1.404093,1.619048e+00
102,60,60,2.500000e-01,1.680777,9.523810e-01
103,60,60,5.000000e-01,1.680777,1.904762e+00
104,60,60,2.500000e-01,1.404093,8.095238e-01
105,60,60,1.250000e-01,1.680777,4.761905e-01
106,60,60,6.250000e-02,1.680777,2.380952e-01
107,60,60,5.000000e-01,1.404093,1.619048e+00
108,60,60,2.500000e-01,1.680777,9.523810e-01
109,60,60,5.000000e-01,1.680777,1.904762e+00
110,60,60,2.500000e-01,1.404093,8.095238e-01
111,60,60,1.250000e-01,1.680777,4.761905e-01
112,60,60,6.250000e-02,1.680777,2.380952e-01
113,60,60,5.000000e-01,1.404093,1.619048e+00
114,60,60,2.500000e-01,1.680777,9.523810e-01
115,60,60,5.000000e-01,1.680777,1.904762e+00
116,60,60,2.500000e-01,1.404093,8.095238e-01
117,60,60,1.250000e-01,1.680777,4.761905e-01
118,60,60,6.250000e-02,1.680777,2.380952e-01
119,60,60,5.000000e-01,1.404093,1.619048e+00
120,60,60,2.500000e-01,1.680777,9.523810e-01
121,60,60,5.000000e-01,1.680777,1.904762e+00
122,60,60,2.500000e-01,1.404093,8.095238e-01
123,60,60,1.250000e-01,1.680777,4.761905e-01
124,60,60,6.250000e-02,1.680777,2.380952e-01
125,60,60,5.000000e-01,1.404093,1.619048e+00
126,60,60,2.500000e-01,1.680777,9.523810e-01
127,60,60,5.000000e-01,1.680777,1.904762e+00
128,60,60,2.500000e-01,1.404093,8.095238e-01
129,60,60,1.250000e-01,1.680777,4.761905e-01
130,60,60,6.250000e-02,1.680777,2.380952e-01
131,60,60,5.000000e-01,1.404093,1.619048e+00
132,60,60,2.500000e-01,1.680777,9.523810e-01
133,60,60,5.000000e-01,1.680777,1.904762e+00
134,60,60,2.500000e-01,1.404093,8.095238e-01
135,60,60,1.250000e-01,1.680777,4.761905e-01
136,60,60,6.250000e-02,1.680777,2.380952e-01
137,60,60,5.000000e-01,1.404093,1.619048e+00
138,60,60,2.500000e-01,1.680777,9.523810e-01
139,60,60,5.000000e-01,1.680777,1.904762e+00
140,60,60,2.500000e-01,1.404093,8.095238e-01
141,60,60,1.250000e-01,1.680777,4.761905e-01
142,60,60,6.250000e-02,1.680777,2.380952e-01
143,60,60,5.000000e-01,1.404093,1.619048e+00
144,60,60,2.500000e-01,1.680777,9.523810e-01
145,60,60,5.000000e-01,1.680777,1.904762e+00
146,60,60,2.500000e-01,1.404093,8.095238e-01
147,60,60,1.250000e-01,1.680777,4.761905e-01
148,60,60,6.250000e-02,1.680777,2.380952e-01
149,60,60,5.000000e-01,1.404093,1.619048e+00
150,60,60,2.500000e-01,1.680777,9.523810e-01
151,60,60,5.000000e-01,1.680777,1.904762e+00
152,60,60,2.500000e-01,1.404093,8.095238e-01
153,60,60,1.250000e-01,1.680777,4.761905e-01
154,60,60,6.250000e-02,1.680777,2.380952e-01
155,60,60,5.000000e-01,1.404093,1.619048e+00
156,60,60,2.500000e-01,1.680777,9.523810e-01
157,60,60,5.000000e-01,1.680777,1.904762e+00
158,60,60,2.500000e-01,1.404093,8.095238e-01
159,60,60,1.250000e-01,1.680777,4.761905e-01
160,60,60,6.250000e-02,1.680777,2.380952e-01
161,60,60,5.000000e-01,1.404093,1.619048e+00
162,60,60,2.500000e-01,1.680777,9.523810e-01
163,60,60,5.000000e-01,1.680777,1.904762e+00
164,60,60,2.500000e-01,1.404093,8.095238e-01
165,60,60,1.250000e-01,1.680777,4.761905e-01
166,60,60,6.250000e-02,1.680777,2.380952e-01
167,60,60,5.000000e-01,1.404093,1.619048e+00
168,60,60,2.500000e-01,1.680777,9.523810e-01
169,60,60,5.000000e-01,1.680777,1.904762e+00
170,60,60,2.500000e-01,1.404093,8.095238e-01
171,60,60,1.250000e-01,1.680777,4.761905e-01
172,60,60,6.250000e-02,1.680777,2.380952e-01
173,60,60,5.000000e-01,1.404093,1.619048e+00
174,60,60,2.500000e-01,1.680777,9.523810e-01
175,60,60,5.000000e-01,1.680777,1.904762e+00
176,60,60,2.500000e-01,1.404093,8.095238e-01
177,60,60,1.250000e-01,1.680777,4.761905e-01
178,60,60,6.250000e-02,1.680777,2.380952e-01
179,60,60,5.000000e-01,1.404093,1.619048e+00
180,60,60,2.500000e-01,1.680777,9.523810e-01
181,60,60,5.000000e-01,1.680777,1.904762e+00
182,60,60,2.500000e-01,1.404093,8.095238e-01
183,60,60,1.250000e-01,1.680777,4.761905e-01
184,60,60,6.250000e-02,1.680777,2.380952e-01
185,60,60,5.000000e-01,1.404093,1.619048e+00
186,60,60,2.500000e-01,1.680777,9.523810e-01
187,60,60,5.000000e-01,1.680777,1.904762e+00
188,60,60,2.500000e-01,1.404093,8.095238e-01
189,60,60,1.250000e-01,1.680777,4.761905e-01
190,60,60,6.250000e-02,1.680777,2.380952e-01
191,60,60,5.000000e-01,1.404093,1.619048e+00
192,60,60,2.500000e-01,1.680777,9.523810e-01
193,60,60,5.000000e-01,1.680777,1.904762e+00
194,60,60,2.500000e-01,1.404093,8.095238e-01
195,60,60,1.250000e-01,1.680777,4.761905e-01
196,60,60,6.250000e-02,1.680777,2.380952e-01
197,60,60,5.000000e-01,1.404093,1.619048e+00
198,60,60,2.500000e-01,1.680777,9.523810e-01
199,60,60,5.000000e-01,1.680777,1.904762e+00
200,60,60,2.500000e-01,1.404093,8.095238e-01
201,60,60,1.250000e-01,1.680777,4.761905e-01
202,60,60,6.250000e-02,1.680777,2.380952e-01
203,60,60,5.000000e-01,1.404093,1.619048e+00
204,60,60,2.500000e-01,1.680777,9.523810e-01
205,60,60,5.000000e-01,1.680777,1.904762e+00
206,60,60,2.500000e-01,1.404093,8.095238e-01
207,60,60,1.250000e-01,1.680777,4.761905e-01
208,60,60,6.250000e-02,1.680777,2.380952e-01
209,60,60,5.000000e-01,1.404093,1.619048e+00
210,60,60,2.500000e-01,1.680777,9.523810e-01
211,60,60,5.000000e-01,1.680777,1.904762e+00
212,60,60,2.500000e-01,1.404093,8.095238e-01
213,60,60,1.250000e-01,1.680777,4.761905e-01
214,60,60,6.250000e-02,1.680777,2.380952e-01
215,60,60,5.000000e-01,1.404093,1.619048e+00
216,60,60,2.500000e-01,1.680777,9.523810e-01
217,60,60,5.000000e-01,1.680777,1.904762e+00
218,60,60,2.500000e-01,1.404093,8.095238e-01
219,60,60,1.250000e-01,1.680777,4.761905e-01
220,60,60,6.250000e-02,1.680777,2.380952e-01
221,60,60,5.000000e-01,1.404093,1.619048e+00
222,60,60,2.500000e-01,1.680777,9.523810e-01
223,60,60,5.000000e-01,1.680777,1.904762e+00
224,60,60,2.500000e-01,1.404093,8.095238e-01
225,60,60,1.250000e-01,1.680777,4.761905e-01
226,60,60,6.250000e-02,1.680777,2.380952e-01
227,60,60,5.000000e-01,1.404093,1.619048e+00
228,60,60,2.500000e-01,1.680777,9.523810e-01
229,60,60,5.000000e-01,1.680777,1.904762e+00
230,60,60,2.500000e-01,1.404093,8.095238e-01
231,60,60,1.250000e-01,1.680777,4.761905e-01
232,60,60,6.250000e-02,1.680777,2.380952e-01
233,60,60,5.000000e-01,1.404093,1.619048e+00
234,60,60,2.500000e-01,1.680777,9.523810e-01
235,60,60,5.000000e-01,1.680777,1.904762e+00
236,60,60,2.500000e-01,1.404093,8.095238e-01
237,60,60,1.250000e-01,1.680777,4.761905e-01
238,60,60,6.250000e-02,1.680777,2.380952e-01
239,60,60,5.000000e-01,1.404093,1.619048e+00
240,60,60,2.500000e-01,1.680777,9.523810e-01
241,60,60,5.000000e-01,1.680777,1.904762e+00
242,60,60,2.500000e-01,1.404093,8.095238e-01
243,60,60,1.250000e-01,1.680777,4.761905e-01
244,60,60,6.250000e-02,1.680777,2.380952e-01
245,60,60,5.000000e-01,1.404093,1.619048e+00
246,60,60,2.500000e-01,1.680777,9.523810e-01
247,60,60,5.000000e-01,1.680777,1.904762e+00
248,60,60,2.500000e-01,1.404093,8.095238e-01
249,60,60,1.250000e-01,1.680777,4.761905e-01
250,60,60,6.250000e-02,1.680777,2.380952e-01
251,60,60,5.000000e-01,1.404093,1.619048e+00
252,60,60,2.500000e-01,1.680777,9.523810e-01
253,60,60,5.000000e-01,1.680777,1.904762e+00
254,60,60,2.500000e-01,1.404093,8.095238e-01
255,60,60,1.250000e-01,1.680777,4.761905e-01
256,60,60,6.250000e-02,1.680777,2.380952e-01
257,60,60,5.000000e-01,1.404093,1.619048e+00
258,60,60,2.500000e-01,1.680777,9.523810e-01
259,60,60,5.000000e-01,1.680777,1.904762e+00
260,60,60,2.500000e-01,1.404093,8.095238e-01
261,60,60,1.250000e-01,1.680777,4.761905e-01
262,60,60,6.250000e-02,1.680777,2.380952e-01
263,60,60,5.000000e-01,1.404093,1.619048e+00
264,60,60,2.500000e-01,1.680777,9.523810e-01
265,60,60,5.000000e-01,1.680777,1.904762e+00
266,60,60,2.500000e-01,1.404093,8.095238e-01
267,60,60,1.250000e-01,1.680777,4.761905e-01
268,60,60,6.250000e-02,1.680777,2.380952e-01
269,60,60,5.000000e-01,1.404093,1.619048e+00
270,60,60,2.500000e-01,1.680777,9.523810e-01
271,60,60,5.000000e-01,1.680777,1.904762e+00
272,60,60,2.500000e-01,1.404093,8.095238e-01
273,60,60,1.250000e-01,1.680777,4.761905e-01
274,60,60,6.250000e-02,1.680777,2.380952e-01
275,60,60,5.000000e-01,1.404093,1.619048e+00
276,60,60,2.500000e-01,1.680777,9.523810e-01
277,60,60,5.000000e-01,1.680777,1.904762e+00
278,60,60,2.500000e-01,1.404093,8.095238e-01
279,60,60,1.250000e-01,1.680777,4.761905e-01
280,60,60,6.250000e-02,1.680777,2.380952e-01
281,60,60,5.000000e-01,1.404093,1.619048e+00
282,60,60,2.500000e-01,1.680777,9.523810e-01
283,60,60,5.000000e-01,1.680777,1.904762e+00
284,60,60,2.500000e-01,1.404093,8.095238e-01
285,60,60,1.250000e-01,1.680777,4.761905e-01
286,60,60,6.250000e-02,1.680777,2.380952e-01
287,60,60,5.000000e-01,1.404093,1.619048e+00
288,60,60,2.500000e-01,1.680777,9.523810e-01
289,60,60,5.000000e-01,1.680777,1.904762e+00
290,60,60,2.500000e-01,1.404093,8.095238e-01
291,60,60,1.250000e-01,1.680777,4.761905e-01
292,60,60,6.250000e-02,1.680777,2.380952e-01
293,60,60,5.000000e-01,1.404093,1.619048e+00
294,60,60,2.500000e-01,1.680777,9.523810e-01
295,60,60,5.000000e-01,1.680777,1.904762e+00
296,60,60,2.500000e-01,1.404093,8.095238e-01
297,60,60,1.250000e-01,1.680777,4.761905e-01
298,60,60,6.250000e-02,1.680777,2.380952e-01
299,60,60,5.000000e-01,1.404093,1.619048e+00
300,60,60,2.500000e-01,1.680777,9.523810e-01
301,60,60,5.000000e-01,1.680777,1.904762e+00
302,60,60,2.500000e-01,1.404093,8.095238e-01
303,60,60,1.250000e-01,1.680777,4.761905e-01
304,60,60,6.250000e-02,1.680777,2.380952e-01
305,60,60,5.000000e-01,1.404093,1.619048e+00
306,60,60,2.500000e-01,1.680777,9.523810e-01
307,60,60,5.000000e-01,1.680777,1.904762e+00
308,60,60,2.500000e-01,1.404093,8.095238e-01
309,60,60,1.250000e-01,1.680777,4.761905e-01
310,60,60,6.250000e-02,1.680777,2.380952e-01
311,60,60,5.000000e-01,1.404093,1.619048e+00
312,60,60,2.500000e-01,1.680777,9.523810e-01
313,60,60,5.000000e-01,1.680777,1.904762e+00
314,60,60,2.500000e-01,1.404093,8.095238e-01
315,60,60,1.250000e-01,1.680777,4.761905e-01
316,60,60,6.250000e-02,1.680777,2.380952e-01
317,60,60,5.000000e-01,1.404093,1.619048e+00
318,60,60,2.500000e-01,1.680777,9.523810e-01
319,60,60,5.000000e-01,1.680777,1.904762e+00
320,60,60,2.500000e-01,1.404093,8.095238e-01
321,60,60,1.250000e-01,1.680777,4.761905e-01
322,60,60,6.250000e-02,1.680777,2.380952e-01
323,60,60,5.000000e-01,1.404093,1.619048e+00
324,60,60,2.500000e-01,1.680777,9.523810e-01
325,60,60,5.000000e-01,1.680777,1.904762e+00
326,60,60,2.500000e-01,1.404093,8.095238e-01
327,60,60,1.250000e-01,1.680777,4.761905e-01
328,60,60,6.250000e-02,1.680777,2.380952e-01
329,60,60,5.000000e-01,1.404093,1.619048e+00
330,60,60,2.500000e-01,1.680777,9.523810e-01
331,60,60,5.000000e-01,1.680777,1.904762e+00
332,60,60,2.500000e-01,1.404093,8.095238e-01
333,60,60,1.250000e-01,1.680777,4.761905e-01
334,60,60,6.250000e-02,1.680777,2.380952e-01
335,60,60,5.000000e-01,1.404093,1.619048e+00
336,60,60,2.500000e-01,1.680777,9.523810e-01
337,60,60,5.000000e-01,1.680777,1.904762e+00
338,60,60,2.500000e-01,1.404093,8.095238e-01
339,60,60,1.250000e-01,1.680777,4.761905e-01
340,60,60,6.250000e-02,1.680777,2.380952e-01
341,60,60,5.000000e-01,1.404093,1.619048e+00
342,60,60,2.500000e-01,1.680777,9.523810e-01
343,60,60,5.000000e-01,1.680777,1.904762e+00
344,60,60,2.500000e-01,1.404093,8.095238e-01
345,60,60,1.250000e-01,1.680777,4.761905e-01
346,60,60,6.250000e-02,1.680777,2.380952e-01
347,60,60,5.000000e-01,1.404093,1.619048e+00
348,60,60,2.500000e-01,1.680777,9.523810e-01
349,60,60,5.000000e-01,1.680777,1.904762e+00
350,60,60,2.500000e-01,1.404093,8.095238e-01
351,60,60,1.250000e-01,1.680777,4.761905e-01
352,60,60,6.250000e-02,1.680777,2.380952e-01
353,60,60,5.000000e-01,1.404093,1.619048e+00
354,60,60,2.500000e-01,1.680777,9.523810e-01
355,60,60,5.000000e-01,1.680777,1.904762e+00
356,60,60,2.500000e-01,1.404093,8.095238e-01
357,60,60,1.250000e-01,1.680777,4.761905e-01
358,60,60,6.250000e-02,1.680777,2.380952e-01
359,60,60,5.000000e-01,1.404093,1.619048e+00
360,60,60,2.500000e-01,1.680777,9.523810e-01
361,60,60,5.000000e-01,1.680777,1.904762e+00
362,60,60,2.500000e-01,1.404093,8.095238e-01
363,60,60,1.250000e-01,1.680777,4.761905e-01
364,60,60,6.250000e-02,1.680777,2.380952e-01
365,60,60,5.000000e-01,1.404093,1.619048e+00
366,60,60,2.500000e-01,1.680777,9.523810e-01
367,60,60,5.000000e-01,1.680777,1.904762e+00
368,60,60,2.500000e-01,1.404093,8.095238e-01
369,60,60,1.250000e-01,1.680777,4.761905e-01
370,60,60,6.250000e-02,1.680777,2.380952e-01
371,60,60,5.000000e-01,1.404093,1.619048e+00
372,60,60,2.500000e-01,1.680777,9.523810e-01
373,60,60,5.000000e-01,1.680777,1.904762e+00
374,60,60,2.500000e-01,1.404093,8.095238e-01
375,60,60,1.250000e-01,1.680777,4.761905e-01
376,60,60,6.250000e-02,1.680777,2.380952e-01
377,60,60,5.000000e-01,1.404093,1.619048e+00
378,60,60,2.500000e-01,1.680777,9.523810e-01
379,60,60,5.000000e-01,1.680777,1.904762e+00
380,60,60,2.500000e-01,1.404093,8.095238e-01
381,60,60,1.250000e-01,1.680777,4.761905e-01
382,60,60,6.250000e-02,1.680777,2.380952e-01
383,60,60,5.000000e-01,1.404093,1.619048e+00
384,60,60,2.500000e-01,1.680777,9.523810e-01
385,60,60,5.000000e-01,1.680777,1.904762e+00
386,60,60,2.500000e-01,1.404093,8.095238e-01
387,60,60,1.250000e-01,1.680777,4.761905e-01
388,60,60,6.250000e-02,1.680777,2.380952e-01
389,60,60,5.000000e-01,1.404093,1.619048e+00
390,60,60,2.500000e-01,1.680777,9.523810e-01
391,60,60,5.000000e-01,1.680777,1.904762e+00
392,60,60,2.500000e-01,1.404093,8.095238e-01
393,60,60,1.250000e-01,1.680777,4.761905e-01
394,60,60,6.250000e-02,1.680777,2.380952e-01
395,60,60,5.000000e-01,1.404093,1.619048e+00
396,60,60,2.500000e-01,1.680777,9.523810e-01
397,60,60,5.000000e-01,1.680777,1.904762e+00
398,60,60,2.500000e-01,1.404093,8.095238e-01
399,60,60,1.250000e-01,1.680777,4.761905e-01
400,60,60,6.250000e-02,1.680777,2.380952e-01
401,60,60,5.000000e-01,1.404093,1.619048e+00
402,60,60,2.500000e-01,1.680777,9.523810e-01
403,60,60,5.000000e-01,1.680777,1.904762e+00
404,60,60,2.500000e-01,1.404093,8.095238e-01
405,60,60,1.250000e-01,1.680777,4.761905e-01
406,60,60,6.250000e-02,1.680777,2.380952e-01
407,60,60,5.000000e-01,1.404093,1.619048e+00
408,60,60,2.500000e-01,1.680777,9.523810e-01
409,60,60,5.000000e-01,1.680777,1.904762e+00
410,60,60,2.500000e-01,1.404093,8.095238e-01
411,60,60,1.250000e-01,1.680777,4.761905e-01
412,60,60,6.250000e-02,1.680777,2.380952e-01
413,60,60,5.000000e-01,1.404093,1.619048e+00
414,60,60,2.500000e-01,1.680777,9.523810e-01
415,60,60,5.000000e-01,1.680777,1.904762e+00
416,60,60,2.500000e-01,1.404093,8.095238e-01
417,60,60,1.250000e-01,1.680777,4.761905e-01
418,60,60,6.250000e-02,1.680777,2.380952e-01
419,60,60,5.000000e-01,1.404093,1.619048e+00
420,60,60,2.500000e-01,1.680777,9.523810e-01
421,60,60,5.000000e-01,1.680777,1.904762e+00
422,60,60,2.500000e-01,1.404093,8.095238e-01
423,60,60,1.250000e-01,1.680777,4.761905e-01
424,60,60,6.250000e-02,1.680777,2.380952e-01
425,60,60,5.000000e-01,1.404093,1.619048e+00
426,60,60,2.500000e-01,1.680777,9.523810e-01
427,60,60,5.000000e-01,1.680777,1.904762e+00
428,60,60,2.500000e-01,1.404093,8.095238e-01
429,60,60,1.250000e-01,1.680777,4.761905e-01
430,60,60,6.250000e-02,1.680777,2.380952e-01
431,60,60,5.000000e-01,1.404093,1.619048e+00
432,60,60,2.500000e-01,1.680777,9.523810e-01
433,60,60,5.000000e-01,1.680777,1.904762e+00
434,60,60,2.500000e-01,1.404093,8.095238e-01
435,60,60,1.250000e-01,1.680777,4.761905e-01
436,60,60,6.250000e-02,1.680777,2.380952e-01
437,60,60,5.000000e-01,1.404093,1.619048e+00
438,60,60,2.500000e-01,1.680777,9.523810e-01
439,60,60,5.000000e-01,1.680777,1.904762e+00
440,60,60,2.500000e-01,1.404093,8.095238e-01
441,60,60,1.250000e-01,1.680777,4.761905e-01
442,60,60,6.250000e-02,1.680777,2.380952e-01
443,60,60,5.000000e-01,1.404093,1.619048e+00
444,60,60,2.500000e-01,1.680777,9.523810e-01
445,60,60,5.000000e-01,1.680777,1.904762e+00
446,60,60,2.500000e-01,1.404093,8.095238e-01
447,60,60,1.250000e-01,1.680777,4.761905e-01
448,60,60,6.250000e-02,1.680777,2.380952e-01
449,60,60,5.000000e-01,1.404093,1.619048e+00
450,60,60,2.500000e-01,1.680777,9.523810e-01
451,60,60,5.000000e-01,1.680777,1.904762e+00
452,60,60,2.500000e-01,1.404093,8.095238e-01
453,60,60,1.250000e-01,1.680777,4.761905e-01
454,60,60,6.250000e-02,1.680777,2.380952e-01
455,60,60,5.000000e-01,1.404093,1.619048e+00
456,60,60,2.500000e-01,1.680777,9.523810e-01
457,60,60,5.000000e-01,1.680777,1.904762e+00
458,60,60,2.500000e-01,1.404093,8.095238e-01
459,60,60,1.250000e-01,1.680777,4.761905e-01
460,60,60,6.250000e-02,1.680777,2.380952e-01
461,60,60,5.000000e-01,1.404093,1.619048e+00
462,60,60,2.500000e-01,1.680777,9.523810e-01
463,60,60,5.000000e-01,1.680777,1.904762e+00
464,60,60,2.500000e-01,1.404093,8.095238e-01
465,60,60,1.250000e-01,1.680777,4.761905e-01
466,60,60,6.250000e-02,1.680777,2.380952e-01
467,60,60,5.000000e-01,1.404093,1.619048e+00
468,60,60,2.500000e-01,1.680777,9.523810e-01
469,60,60,5.000000e-01,1.680777,1.904762e+00
470,60,60,2.500000e-01,1.404093,8.095238e-01
471,60,60,1.250000e-01,1.680777,4.761905e-01
472,60,60,6.250000e-02,1.680777,2.380952e-01
473,60,60,5.000000e-01,1.404093,1.619048e+00
474,60,60,2.500000e-01,1.680777,9.523810e-01
475,60,60,5.000000e-01,1.680777,1.904762e+00
476,60,60,2.500000e-01,1.404093,8.095238e-01
477,60,60,1.250000e-01,1.680777,4.761905e-01
478,60,60,6.250000e-02,1.680777,2.380952e-01
479,60,60,5.000000e-01,1.404093,1.619048e+00
480,60,60,2.500000e-01,1.680777,9.523810e-01
481,60,60,5.000000e-01,1.680777,1.904762e+00
482,60,60,2.500000e-01,1.404093,8.095238e-01
483,60,60,1.250000e-01,1.680777,4.761905e-01
484,60,60,6.250000e-02,1.680777,2.380952e-01
485,60,60,5.000000e-01,1.404093,1.619048e+00
486,60,60,2.500000e-01,1.680777,9.523810e-01
487,60,60,5.000000e-01,1.680777,1.904762e+00
488,60,60,2.500000e-01,1.404093,8.095238e-01
489,60,60,1.250000e-01,1.680777,4.761905e-01
490,60,60,6.250000e-02,1.680777,2.380952e-01
491,60,60,5.000000e-01,1.404093,1.619048e+00
492,60,60,2.500000e-01,1.680777,9.523810e-01
493,60,60,5.000000e-01,1.680777,1.904762e+00
494,60,60,2.500000e-01,1.404093,8.095238e-01
495,60,60,1.250000e-01,1.680777,4.761905e-01
496,60,60,6.250000e-02,1.680777,2.380952e-01
497,60,60,5.000000e-01,1.404093,1.619048e+00
498,60,60,2.500000e-01,1.680777,9.523810e-01
499,60,60,5.000000e-01,1.680777,1.904762e+00
500,60,60,2.500000e-01,1.404093,8.095238e-01
501,60,60,1.250000e-01,1.680777,4.761905e-01
502,60,60,6.250000e-02,1.680777,2.380952e-01
503,60,60,5.000000e-01,1.404093,1.619048e+00
504,60,60,2.500000e-01,1.680777,9.523810e-01
505,60,60,5.000000e-01,1.680777,1.904762e+00
506,60,60,2.500000e-01,1.404093,8.095238e-01
507,60,60,1.250000e-01,1.680777,4.761905e-01
508,60,60,6.250000e-02,1.680777,2.380952e-01
509,60,60,5.000000e-01,1.404093,1.619048e+00
510,60,60,2.500000e-01,1.680777,9.523810e-01
511,60,60,5.000000e-01,1.680777,1.904762e+00
512,60,60,2.500000e-01,1.404093,8.095238e-01
513,60,60,1.250000e-01,1.680777,4.761905e-01
514,60,60,6.250000e-02,1.680777,2.380952e-01
515,60,60,5.000000e-01,1.404093,1.619048e+00
516,60,60,2.500000e-01,1.680777,9.523810e-01
517,60,60,5.000000e-01,1.680777,1.904762e+00
518,60,60,2.500000e-01,1.404093,8.095238e-01
519,60,60,1.250000e-01,1.680777,4.761905e-01
520,60,60,6.250000e-02,1.680777,2.380952e-01
521,60,60,5.000000e-01,1.404093,1.619048e+00
522,60,60,2.500000e-01,1.680777,9.523810e-01
523,60,60,5.000000e-01,1.680777,1.904762e+00
524,60,60,2.500000e-01,1.404093,8.095238e-01
525,60,60,1.250000e-01,1.680777,4.761905e-01
526,60,60,6.250000e-02,1.680777,2.380952e-01
527,60,60,5.000000e-01,1.404093,1.619048e+00
528,60,60,2.500000e-01,1.680777,9.523810e-01
529,60,60,5.000000e-01,1.680777,1.904762e+00
530,60,60,2.500000e-01,1.404093,8.095238e-01
531,60,60,1.250000e-01,1.680777,4.761905e-01
532,60,60,6.250000e-02,1.680777,2.380952e-01
533,60,60,5.000000e-01,1.404093,1.619048e+00
534,60,60,2.500000e-01,1.680777,9.523810e-01
535,60,60,5.000000e-01,1.680777,1.904762e+00
536,60,60,2.500000e-01,1.404093,8.095238e-01
537,60,60,1.250000e-01,1.680777,4.761905e-01
538,60,60,6.250000e-02,1.680777,2.380952e-01
539,60,60,5.000000e-01,1.404093,1.619048e+00
540,60,60,2.500000e-01,1.680777,9.523810e-01
541,60,60,5.000000e-01,1.680777,1.904762e+00
542,60,60,2.500000e-01,1.404093,8.095238e-01
543,60,60,1.250000e-01,1.680777,4.761905e-01
544,60,60,6.250000e-02,1.680777,2.380952e-01
545,60,60,5.000000e-01,1.404093,1.619048e+00
546,60,60,2.500000e-01,1.680777,9.523810e-01
547,60,60,5.000000e-01,1.680777,1.904762e+00
548,60,60,2.500000e-01,1.404093,8.095238e-01
549,60,60,1.250000e-01,1.680777,4.761905e-01
550,60,60,6.250000e-02,1.680777,2.380952e-01
551,60,60,5.000000e-01,1.404093,1.619048e+00
552,60,60,2.500000e-01,1.680777,9.523810e-01
553,60,60,5.000000e-01,1.680777,1.904762e+00
554,60,60,2.500000e-01,1.404093,8.095238e-01
555,60,60,1.250000e-01,1.680777,4.761905e-01
556,60,60,6.250000e-02,1.680777,2.380952e-01
557,60,60,5.000000e-01,1.404093,1.619048e+00
558,60,60,2.500000e-01,1.680777,9.523810e-01
559,60,60,5.000000e-01,1.680777,1.904762e+00
560,60,60,2.500000e-01,1.404093,8.095238e-01
561,60,60,1.250000e-01,1.680777,4.761905e-01
562,60,60,6.250000e-02,1.680777,2.380952e-01
563,60,60,5.000000e-01,1.404093,1.619048e+00
564,60,60,2.500000e-01,1.680777,9.523810e-01
565,60,60,5.000000e-01,1.680777,1.904762e+00
566,60,60,2.500000e-01,1.404093,8.095238e-01
567,60,60,1.250000e-01,1.680777,4.761905e-01
568,60,60,6.250000e-02,1.680777,2.380952e-01
569,60,60,5.000000e-01,1.404093,1.619048e+00
570,60,60,2.500000e-01,1.680777,9.523810e-01
571,60,60,5.000000e-01,1.680777,1.904762e+00
572,60,60,2.500000e-01,1.404093,8.095238e-01
573,60,60,1.250000e-01,1.680777,4.761905e-01
574,60,60,6.250000e-02,1.680777,2.380952e-01
575,60,60,5.000000e-01,1.404093,1.619048e+00
576,60,60,2.500000e-01,1.680777,9.523810e-01
577,60,60,5.000000e-01,1.680777,1.904762e+00
578,60,60,2.500000e-01,1.404093,8.095238e-01
579,60,60,1.250000e-01,1.680777,4.761905e-01
580,60,60,6.250000e-02,1.680777,2.380952e-01
581,60,60,5.000000e-01,1.404093,1.619048e+00
582,60,60,2.500000e-01,1.680777,9.523810e-01
583,60,60,5.000000e-01,1.680777,1.904762e+00
584,60,60,2.500000e-01,1.404093,8.095238e-01
585,60,60,1.250000e-01,1.680777,4.761905e-01
586,60,60,6.250000e-02,1.680777,2.380952e-01
587,60,60,5.000000e-01,1.404093,1.619048e+00
588,60,60,2.500000e-01,1.680777,9.523810e-01
589,60,60,5.000000e-01,1.680777,1.904762e+00
590,60,60,2.500000e-01,1.404093,8.095238e-01
591,60,60,1.250000e-01,1.680777,4.761905e-01
592,60,60,6.250000e-02,1.680777,2.380952e-01
593,60,60,5.000000e-01,1.404093,1.619048e+00
594,60,60,2.500000e-01,1.680777,9.523810e-01
595,60,60,5.000000e-01,1.680777,1.904762e+00
596,60,60,2.500000e-01,1.404093,8.095238e-01
597,60,60,1.250000e-01,1.680777,4.761905e-01
598,60,60,6.250000e-02,1.680777,2.380952e-01
599,60,60,5.000000e-01,1.404093,1.619048e+00
600,60,60,2.500000e-01,1.680777,9.523810e-01
601,60,60,5.000000e-01,1.680777,1.904762e+00
602,60,60,2.500000e-01,1.404093,8.095238e-01
603,60,60,1.250000e-01,1.680777,4.761905e-01
604,60,60,6.250000e-02,1.680777,2.380952e-01
605,60,60,5.000000e-01,1.404093,1.619048e+00
606,60,60,2.500000e-01,1.680777,9.523810e-01
607,60,60,5.000000e-01,1.680777,1.904762e+00
608,60,60,2.500000e-01,1.404093,8.095238e-01
609,60,60,1.250000e-01,1.680777,4.761905e-01
610,60,60,6.250000e-02,1.680777,2.380952e-01
611,60,60,5.000000e-01,1.404093,1.619048e+00
612,60,60,2.500000e-01,1.680777,9.523810e-01
613,60,60,5.000000e-01,1.680777,1.904762e+00
614,60,60,2.500000e-01,1.404093,8.095238e-01
615,60,60,1.250000e-01,1.680777,4.761905e-01
616,60,60,6.250000e-02,1.680777,2.380952e-01
617,60,60,5.000000e-01,1.404093,1.619048e+00
618,60,60,2.500000e-01,1.680777,9.523810e-01
619,60,60,5.000000e-01,1.680777,1.904762e+00
620,60,60,2.500000e-01,1.404093,8.095238e-01
621,60,60,1.250000e-01,1.680777,4.761905e-01
622,60,60,6.250000e-02,1.680777,2.380952e-01
623,60,60,5.000000e-01,1.404093,1.619048e+00
624,60,60,2.500000e-01,1.680777,9.523810e-01
625,60,60,5.000000e-01,1.680777,1.904762e+00
626,60,60,2.500000e-01,1.404093,8.095238e-01
627,60,60,1.250000e-01,1.680777,4.761905e-01
628,60,60,6.250000e-02,1.680777,2.380952e-01
629,60,60,5.000000e-01,1.404093,1.619048e+00
630,60,60,2.500000e-01,1.680777,9.523810e-01
631,60,60,5.000000e-01,1.680777,1.904762e+00
632,60,60,2.500000e-01,1.404093,8.095238e-01
633,60,60,1.250000e-01,1.680777,4.761905e-01
634,60,60,6.250000e-02,1.680777,2.380952e-01
635,60,60,5.000000e-01,1.404093,1.619048e+00
636,60,60,2.500000e-01,1.680777,9.523810e-01
637,60,60,5.000000e-01,1.680777,1.904762e+00
638,60,60,2.500000e-01,1.404093,8.095238e-01
639,60,60,1.250000e-01,1.680777,4.761905e-01
640,60,60,6.250000e-02,1.680777,2.380952e-01
641,60,60,5.000000e-01,1.404093,1.619048e+00
642,60,60,2.500000e-01,1.680777,9.523810e-01
643,60,60,5.000000e-01,1.680777,1.904762e+00
644,60,60,2.500000e-01,1.404093,8.095238e-01
645,60,60,1.250000e-01,1.680777,4.761905e-01
646,60,60,6.250000e-02,1.680777,2.380952e-01
647,60,60,5.000000e-01,1.404093,1.619048e+00
648,60,60,2.500000e-01,1.680777,9.523810e-01
649,60,60,5.000000e-01,1.680777,1.904762e+00
650,60,60,2.500000e-01,1.404093,8.095238e-01
651,60,60,1.250000e-01,1.680777,4.761905e-01
652,60,60,6.250000e-02,1.680777,2.380952e-01
653,60,60,5.000000e-01,1.404093,1.619048e+00
654,60,60,2.500000e-01,1.680777,9.523810e-01
655,60,60,5.000000e-01,1.680777,1.904762e+00
656,60,60,2.500000e-01,1.404093,8.095238e-01
657,60,60,1.250000e-01,1.680777,4.761905e-01
658,60,60,6.250000e-02,1.680777,2.380952e-01
659,60,60,5.000000e-01,1.404093,1.619048e+00
660,60,60,2.500000e-01,1.680777,9.523810e-01
661,60,60,5.000000e-01,1.680777,1.904762e+00
662,60,60,2.500000e-01,1.404093,8.095238e-01
663,60,60,1.250000e-01,1.680777,4.761905e-01
664,60,60,6.250000e-02,1.680777,2.380952e-01
665,60,60,5.000000e-01,1.404093,1.619048e+00
666,60,60,2.500000e-01,1.680777,9.523810e-01
667,60,60,5.000000e-01,1.680777,1.904762e+00
668,60,60,2.500000e-01,1.404093,8.095238e-01
669,60,60,1.250000e-01,1.680777,4.761905e-01
670,60,60,6.250000e-02,1.680777,2.380952e-01
671,60,60,5.000000e-01,1.404093,1.619048e+00
672,60,60,2.500000e-01,1.680777,9.523810e-01
673,60,60,5.000000e-01,1.680777,1.904762e+00
674,60,60,2.500000e-01,1.404093,8.095238e-01
675,60,60,1.250000e-01,1.680777,4.761905e-01
676,60,60,6.250000e-02,1.680777,2.380952e-01
677,60,60,5.000000e-01,1.404093,1.619048e+00
678,60,60,2.500000e-01,1.680777,9.523810e-01
679,60,60,5.000000e-01,1.680777,1.904762e+00
680,60,60,2.500000e-01,1.404093,8.095238e-01
681,60,60,1.250000e-01,1.680777,4.761905e-01
682,60,60,6.250000e-02,1.680777,2.380952e-01
683,60,60,5.000000e-01,1.404093,1.619048e+00
684,60,60,2.500000e-01,1.680777,9.523810e-01
685,60,60,5.000000e-01,1.680777,1.904762e+00
686,60,60,2.500000e-01,1.404093,8.095238e-01
687,60,60,1.250000e-01,1.680777,4.761905e-01
688,60,60,6.250000e-02,1.680777,2.380952e-01
689,60,60,5.000000e-01,1.404093,1.619048e+00
690,60,60,2.500000e-01,1.680777,9.523810e-01
691,60,60,5.000000e-01,1.680777,1.904762e+00
692,60,60,2.500000e-01,1.404093,8.095238e-01
693,60,60,1.250000e-01,1.680777,4.761905e-01
694,60,60,6.250000e-02,1.680777,2.380952e-01
695,60,60,5.000000e-01,1.404093,1.619048e+00
696,60,60,2.500000e-01,1.680777,9.523810e-01
697,60,60,5.000000e-01,1.680777,1.904762e+00
698,60,60,2.500000e-01,1.404093,8.095238e-01
699,60,60,1.250000e-01,1.680777,4.761905e-01
700,60,60,6.250000e-02,1.680777,2.380952e-01
701,60,60,5.000000e-01,1.404093,1.619048e+00
702,60,60,2.500000e-01,1.680777,9.523810e-01
703,60,60,5.000000e-01,1.680777,1.904762e+00
704,60,60,2.500000e-01,1.404093,8.095238e-01
705,60,60,1.250000e-01,1.680777,4.761905e-01
706,60,60,6.250000e-02,1.680777,2.380952e-01
707,60,60,5.000000e-01,1.404093,1.619048e+00
708,60,60,2.500000e-01,1.680777,9.523810e-01
709,60,60,5.000000e-01,1.680777,1.904762e+00
710,60,60,2.500000e-01,1.404093,8.095238e-01
711,60,60,1.250000e-01,1.680777,4.761905e-01
712,60,60,6.250000e-02,1.680777,2.380952e-01
713,60,60,5.000000e-01,1.404093,1.619048e+00
714,60,60,2.500000e-01,1.680777,9.523810e-01
715,60,60,5.000000e-01,1.680777,1.904762e+00
716,60,60,2.500000e-01,1.404093,8.095238e-01
717,60,60,1.250000e-01,1.680777,4.761905e-01
718,60,60,6.250000e-02,1.680777,2.380952e-01
719,60,60,5.000000e-01,1.404093,1.619048e+00
720,60,60,2.500000e-01,1.680777,9.523810e-01
721,60,60,5.000000e-01,1.680777,1.904762e+00
722,60,60,2.500000e-01,1.404093,8.095238e-01
723,60,60,1.250000e-01,1.680777,4.761905e-01
724,60,60,6.250000e-02,1.680777,2.380952e-01
725,60,60,5.000000e-01,1.404093,1.619048e+00
726,60,60,2.500000e-01,1.680777,9.523810e-01
727,60,60,5.000000e-01,1.680777,1.904762e+00
728,60,60,2.500000e-01,1.404093,8.095238e-01
729,60,60,1.250000e-01,1.680777,4.761905e-01
730,60,60,6.250000e-02,1.680777,2.380952e-01
731,60,60,5.000000e-01,1.404093,1.619048e+00
732,60,60,2.500000e-01,1.680777,9.523810e-01
733,60,60,5.000000e-01,1.680777,1.904762e+00
734,60,60,2.500000e-01,1.404093,8.095238e-01
735,60,60,1.250000e-01,1.680777,4.761905e-01
736,60,60,6.250000e-02,1.680777,2.380952e-01
737,60,60,5.000000e-01,1.404093,1.619048e+00
738,60,60,2.500000e-01,1.680777,9.523810e-01
739,60,60,5.000000e-01,1.680777,1.904762e+00
740,60,60,2.500000e-01,1.404093,8.095238e-01
741,60,60,1.250000e-01,1.680777,4.761905e-01
742,60,60,6.250000e-02,1.680777,2.380952e-01
743,60,60,5.000000e-01,1.404093,1.619048e+00
744,60,60,2.500000e-01,1.680777,9.523810e-01
745,60,60,5.000000e-01,1.680777,1.904762e+00
746,60,60,2.500000e-01,1.404093,8.095238e-01
747,60,60,1.250000e-01,1.680777,4.761905e-01
748,60,60,6.250000e-02,1.680777,2.380952e-01
749,60,60,5.000000e-01,1.404093,1.619048e+00
750,60,60,2.500000e-01,1.680777,9.523810e-01
751,60,60,5.000000e-01,1.680777,1.904762e+00
752,60,60,2.500000e-01,1.404093,8.095238e-01
753,60,60,1.250000e-01,1.680777,4.761905e-01
754,60,60,6.250000e-02,1.680777,2.380952e-01
755,60,60,5.000000e-01,1.404093,1.619048e+00
756,60,60,2.500000e-01,1.680777,9.523810e-01
757,60,60,5.000000e-01,1.680777,1.904762e+00
758,60,60,2.500000e-01,1.404093,8.095238e-01
759,60,60,1.250000e-01,1.680777,4.761905e-01
760,60,60,6.250000e-02,1.680777,2.380952e-01
761,60,60,5.000000e-01,1.404093,1.619048e+00
762,60,60,2.500000e-01,1.680777,9.523810e-01
763,60,60,5.000000e-01,1.680777,1.904762e+00
764,60,60,2.500000e-01,1.404093,8.095238e-01
765,60,60,1.250000e-01,1.680777,4.761905e-01
766,60,60,6.250000e-02,1.680777,2.380952e-01
767,60,60,5.000000e-01,1.404093,1.619048e+00
768,60,60,2.500000e-01,1.680777,9.523810e-01
769,60,60,5.000000e-01,1.680777,1.904762e+00
770,60,60,2.500000e-01,1.404093,8.095238e-01
771,60,60,1.250000e-01,1.680777,4.761905e-01
772,60,60,6.250000e-02,1.680777,2.380952e-01
773,60,60,5.000000e-01,1.404093,1.619048e+00
774,60,60,2.500000e-01,1.680777,9.523810e-01
775,60,60,5.000000e-01,1.680777,1.904762e+00
776,60,60,2.500000e-01,1.404093,8.095238e-01
777,60,60,1.250000e-01,1.680777,4.761905e-01
778,60,60,6.250000e-02,1.680777,2.380952e-01
779,60,60,5.000000e-01,1.404093,1.619048e+00
780,60,60,2.500000e-01,1.680777,9.523810e-01
781,60,60,5.000000e-01,1.680777,1.904762e+00
782,60,60,2.500000e-01,1.404093,8.095238e-01
783,60,60,1.250000e-01,1.680777,4.761905e-01
784,60,60,6.250000e-02,1.680777,2.380952e-01
785,60,60,5.000000e-01,1.404093,1.619048e+00
786,60,60,2.500000e-01,1.680777,9.523810e-01
787,60,60,5.000000e-01,1.680777,1.904762e+00
788,60,60,2.500000e-01,1.404093,8.095238e-01
789,60,60,1.250000e-01,1.680777,4.761905e-01
790,60,60,6.250000e-02,1.680777,2.380952e-01
791,60,60,5.000000e-01,1.404093,1.619048e+00
792,60,60,2.500000e-01,1.680777,9.523810e-01
793,60,60,5.000000e-01,1.680777,1.904762e+00
794,60,60,2.500000e-01,1.404093,8.095238e-01
795,60,60,1.250000e-01,1.680777,4.761905e-01
796,60,60,6.250000e-02,1.680777,2.380952e-01
797,60,60,5.000000e-01,1.404093,1.619048e+00
798,60,60,2.500000e-01,1.680777,9.523810e-01
799,60,60,5.000000e-01,1.680777,1.904762e+00
800,60,60,2.500000e-01,1.404093,8.095238e-01
801,60,60,1.250000e-01,1.680777,4.761905e-01
802,60,60,6.250000e-02,1.680777,2.380952e-01
803,60,60,5.000000e-01,1.404093,1.619048e+00
804,60,60,2.500000e-01,1.680777,9.523810e-01
805,60,60,5.000000e-01,1.680777,1.904762e+00
806,60,60,2.500000e-01,1.404093,8.095238e-01
807,60,60,1.250000e-01,1.680777,4.761905e-01
808,60,60,6.250000e-02,1.680777,2.380952e-01
809,60,60,5.000000e-01,1.404093,1.619048e+00
810,60,60,2.500000e-01,1.680777,9.523810e-01
811,60,60,5.000000e-01,1.680777,1.904762e+00
812,60,60,2.500000e-01,1.404093,8.095238e-01
813,60,60,1.250000e-01,1.680777,4.761905e-01
814,60,60,6.250000e-02,1.680777,2.380952e-01
815,60,60,5.000000e-01,1.404093,1.619048e+00
816,60,60,2.500000e-01,1.680777,9.523810e-01
817,60,60,5.000000e-01,1.680777,1.904762e+00
818,60,60,2.500000e-01,1.404093,8.095238e-01
819,60,60,1.250000e-01,1.680777,4.761905e-01
820,60,60,6.250000e-02,1.680777,2.380952e-01
821,60,60,5.000000e-01,1.404093,1.619048e+00
822,60,60,2.500000e-01,1.680777,9.523810e-01
823,60,60,5.000000e-01,1.680777,1.904762e+00
824,60,60,2.500000e-01,1.404093,8.095238e-01
825,60,60,1.250000e-01,1.680777,4.761905e-01
826,60,60,6.250000e-02,1.680777,2.380952e-01
827,60,60,5.000000e-01,1.404093,1.619048e+00
828,60,60,2.500000e-01,1.680777,9.523810e-01
829,60,60,5.000000e-01,1.680777,1.904762e+00
830,60,60,2.500000e-01,1.404093,8.095238e-01
831,60,60,1.250000e-01,1.680777,4.761905e-01
832,60,60,6.250000e-02,1.680777,2.380952e-01
833,60,60,5.000000e-01,1.404093,1.619048e+00
834,60,60,2.500000e-01,1.680777,9.523810e-01
835,60,60,5.000000e-01,1.680777,1.904762e+00
836,60,60,2.500000e-01,1.404093,8.095238e-01
837,60,60,1.250000e-01,1.680777,4.761905e-01
838,60,60,6.250000e-02,1.680777,2.380952e-01
839,60,60,5.000000e-01,1.404093,1.619048e+00
840,60,60,2.500000e-01,1.680777,9.523810e-01
841,60,60,5.000000e-01,1.680777,1.904762e+00
842,60,60,2.500000e-01,1.404093,8.095238e-01
843,60,60,1.250000e-01,1.680777,4.761905e-01
844,60,60,6.250000e-02,1.680777,2.380952e-01
845,60,60,5.000000e-01,1.404093,1.619048e+00
846,60,60,2.500000e-01,1.680777,9.523810e-01
847,60,60,5.000000e-01,1.680777,1.904762e+00
848,60,60,2.500000e-01,1.404093,8.095238e-01
849,60,60,1.250000e-01,1.680777,4.761905e-01
850,60,60,6.250000e-02,1.680777,2.380952e-01
851,60,60,5.000000e-01,1.404093,1.619048e+00
852,60,60,2.500000e-01,1.680777,9.523810e-01
853,60,60,5.000000e-01,1.680777,1.904762e+00
854,60,60,2.500000e-01,1.404093,8.095238e-01
855,60,60,1.250000e-01,1.680777,4.761905e-01
856,60,60,6.250000e-02,1.680777,2.380952e-01
857,60,60,5.000000e-01,1.404093,1.619048e+00
858,60,60,2.500000e-01,1.680777,9.523810e-01
859,60,60,5.000000e-01,1.680777,1.904762e+00
860,60,60,2.500000e-01,1.404093,8.095238e-01
861,60,60,1.250000e-01,1.680777,4.761905e-01
862,60,60,6.250000e-02,1.680777,2.380952e-01
863,60,60,5.000000e-01,1.404093,1.619048e+00
864,60,60,2.500000e-01,1.680777,9.523810e-01
865,60,60,5.000000e-01,1.680777,1.904762e+00
866,60,60,2.500000e-01,1.404093,8.095238e-01
867,60,60,1.250000e-01,1.680777,4.761905e-01
868,60,60,6.250000e-02,1.680777,2.380952e-01
869,60,60,5.000000e-01,1.404093,1.619048e+00
870,60,60,2.500000e-01,1.680777,9.523810e-01
871,60,60,5.000000e-01,1.680777,1.904762e+00
872,60,60,2.500000e-01,1.404093,8.095238e-01
873,60,60,1.250000e-01,1.680777,4.761905e-01
874,60,60,6.250000e-02,1.680777,2.380952e-01
875,60,60,5.000000e-01,1.404093,1.619048e+00
876,60,60,2.500000e-01,1.680777,9.523810e-01
877,60,60,5.000000e-01,1.680777,1.904762e+00
878,60,60,2.500000e-01,1.404093,8.095238e-01
879,60,60,1.250000e-01,1.680777,4.761905e-01
880,60,60,6.250000e-02,1.680777,2.380952e-01
881,60,60,5.000000e-01,1.404093,1.619048e+00
882,60,60,2.500000e-01,1.680777,9.523810e-01
883,60,60,5.000000e-01,1.680777,1.904762e+00
884,60,60,2.500000e-01,1.404093,8.095238e-01
885,60,60,1.250000e-01,1.680777,4.761905e-01
886,60,60,6.250000e-02,1.680777,2.380952e-01
887,60,60,5.000000e-01,1.404093,1.619048e+00
888,60,60,2.500000e-01,1.680777,9.523810e-01
889,60,60,5.000000e-01,1.680777,1.904762e+00
890,60,60,2.500000e-01,1.404093,8.095238e-01
891,60,60,1.250000e-01,1.680777,4.761905e-01
892,60,60,6.250000e-02,1.680777,2.380952e-01
893,60,60,5.000000e-01,1.404093,1.619048e+00
894,60,60,2.500000e-01,1.680777,9.523810e-01
895,60,60,5.000000e-01,1.680777,1.904762e+00
896,60,60,2.500000e-01,1.404093,8.095238e-01
897,60,60,1.250000e-01,1.680777,4.761905e-01
898,60,60,6.250000e-02,1.680777,2.380952e-01
899,60,60,5.000000e-01,1.404093,1.619048e+00
900,60,60,2.500000e-01,1.680777,9.523810e-01
901,60,60,5.000000e-01,1.680777,1.904762e+00
902,60,60,2.500000e-01,1.404093,8.095238e-01
903,60,60,1.250000e-01,1.680777,4.761905e-01
904,60,60,6.250000e-02,1.680777,2.380952e-01
905,60,60,5.000000e-01,1.404093,1.619048e+00
906,60,60,2.500000e-01,1.680777,9.523810e-01
907,60,60,5.000000e-01,1.680777,1.904762e+00
908,60,60,2.500000e-01,1.404093,8.095238e-01
909,60,60,1.250000e-01,1.680777,4.761905e-01
910,60,60,6.250000e-02,1.680777,2.380952e-01
911,60,60,5.000000e-01,1.404093,1.619048e+00
912,60,60,2.500000e-01,1.680777,9.523810e-01
913,60,60,5.000000e-01,1.680777,1.904762e+00
914,60,60,2.500000e-01,1.404093,8.095238e-01
915,60,60,1.250000e-01,1.680777,4.761905e-01
916,60,60,6.250000e-02,1.680777,2.380952e-01
917,60,60,5.000000e-01,1.404093,1.619048e+00
918,60,60,2.500000e-01,1.680777,9.523810e-01
919,60,60,5.000000e-01,1.680777,1.904762e+00
920,60,60,2.500000e-01,1.404093,8.095238e-01
921,60,60,1.250000e-01,1.680777,4.761905e-01
922,60,60,6.250000e-02,1.680777,2.380952e-01
923,60,60,5.000000e-01,1.404093,1.619048e+00
924,60,60,2.500000e-01,1.680777,9.523810e-01
925,60,60,5.000000e-01,1.680777,1.904762e+00
926,60,60,2.500000e-01,1.404093,8.095238e-01
927,60,60,1.250000e-01,1.680777,4.761905e-01
928,60,60,6.250000e-02,1.680777,2.380952e-01
929,60,60,5.000000e-01,1.404093,1.619048e+00
930,60,60,2.500000e-01,1.680777,9.523810e-01
931,60,60,5.000000e-01,1.680777,1.904762e+00
932,60,60,2.500000e-01,1.404093,8.095238e-01
933,60,60,1.250000e-01,1.680777,4.761905e-01
934,60,60,6.250000e-02,1.680777,2.380952e-01
935,60,60,5.000000e-01,1.404093,1.619048e+00
936,60,60,2.500000e-01,1.680777,9.523810e-01
937,60,60,5.000000e-01,1.680777,1.904762e+00
938,60,60,2.500000e-01,1.404093,8.095238e-01
939,60,60,1.250000e-01,1.680777,4.761905e-01
940,60,60,6.250000e-02,1.680777,2.380952e-01
941,60,60,5.000000e-01,1.404093,1.619048e+00
942,60,60,2.500000e-01,1.680777,9.523810e-01
943,60,60,5.000000e-01,1.680777,1.904762e+00
944,60,60,2.500000e-01,1.404093,8.095238e-01
945,60,60,1.250000e-01,1.680777,4.761905e-01
946,60,60,6.250000e-02,1.680777,2.380952e-01
947,60,60,5.000000e-01,1.404093,1.619048e+00
948,60,60,2.500000e-01,1.680777,9.523810e-01
949,60,60,5.000000e-01,1.680777,1.904762e+00
950,60,60,2.500000e-01,1.404093,8.095238e-01
951,60,60,1.250000e-01,1.680777,4.761905e-01
952,60,60,6.250000e-02,1.680777,2.380952e-01
953,60,60,5.000000e-01,1.404093,1.619048e+00
954,60,60,2.500000e-01,1.680777,9.523810e-01
955,60,60,5.000000e-01,1.680777,1.904762e+00
956,60,60,2.500000e-01,1.404093,8.095238e-01
957,60,60,1.250000e-01,1.680777,4.761905e-01
958,60,60,6.250000e-02,1.680777,2.380952e-01
959,60,60,5.000000e-01,1.404093,1.619048e+00
960,60,60,2.500000e-01,1.680777,9.523810e-01
961,60,60,5.000000e-01,1.680777,1.904762e+00
962,60,60,2.500000e-01,1.404093,8.095238e-01
963,60,60,1.250000e-01,1.680777,4.761905e-01
964,60,60,6.250000e-02,1.680777,2.380952e-01
965,60,60,5.000000e-01,1.404093,1.619048e+00
966,60,60,2.500000e-01,1.680777,9.523810e-01
967,60,60,5.000000e-01,1.680777,1.904762e+00
968,60,60,2.500000e-01,1.404093,8.095238e-01
969,60,60,1.250000e-01,1.680777,4.761905e-01
970,60,60,6.250000e-02,1.680777,2.380952e-01
971,60,60,5.000000e-01,1.404093,1.619048e+00
972,60,60,2.500000e-01,1.680777,9.523810e-01
973,60,60,5.000000e-01,1.680777,1.904762e+00
974,60,60,2.500000e-01,1.404093,8.095238e-01
975,60,60,1.250000e-01,1.680777,4.761905e-01
976,60,60,6.250000e-02,1.680777,2.380952e-01
977,60,60,5.000000e-01,1.404093,1.619048e+00
978,60,60,2.500000e-01,1.680777,9.523810e-01
979,60,60,5.000000e-01,1.680777,1.904762e+00
980,60,60,2.500000e-01,1.404093,8.095238e-01
981,60,60,1.250000e-01,1.680777,4.761905e-01
982,60,60,6.250000e-02,1.680777,2.380952e-01
983,60,60,5.000000e-01,1.404093,1.619048e+00
984,60,60,2.500000e-01,1.680777,9.523810e-01
985,60,60,5.000000e-01,1.680777,1.904762e+00
986,60,60,2.500000e-01,1.404093,8.095238e-01
987,60,60,1.250000e-01,1.680777,4.761905e-01
988,60,60,6.250000e-02,1.680777,2.380952e-01
989,60,60,5.000000e-01,1.404093,1.619048e+00
990,60,60,2.500000e-01,1.680777,9.523810e-01
991,60,60,5.000000e-01,1.680777,1.904762e+00
992,60,60,2.500000e-01,1.404093,8.095238e-01
993,60,60,1.250000e-01,1.680777,4.761905e-01
994,60,60,6.250000e-02,1.680777,2.380952e-01
995,60,60,5.000000e-01,1.404093,1.619048e+00
996,60,60,2.500000e-01,1.680777,9.523810e-01
997,60,60,5.000000e-01,1.680777,1.904762e+00
998,60,60,2.500000e-01,1.404093,8.095238e-01
999,60,60,1.250000e-01,1.680777,4.761905e-01
1000,60,60,6.250000e-02,1.680777,2.380952e-01
1001,60,60,5.000000e-01,1.404093,1.619048e+00
1002,60,60,2.500000e-01,1.680777,9.523810e-01
1003,60,60,5.000000e-01,1.680777,1.904762e+00
1004,60,60,2.500000e-01,1.404093,8.095238e-01
1005,60,60,1.250000e-01,1.680777,4.761905e-01
1006,60,60,6.250000e-02,1.680777,2.380952e-01
1007,60,60,5.000000e-01,1.404093,1.619048e+00
1008,60,60,2.500000e-01,1.680777,9.523810e-01
1009,60,60,5.000000e-01,1.680777,1.904762e+00
1010,60,60,2.500000e-01,1.404093,8.095238e-01
1011,60,60,1.250000e-01,1.680777,4.761905e-01
1012,60,60,6.250000e-02,1.680777,2.380952e-01
1013,60,60,5.000000e-01,1.404093,1.619048e+00
1014,60,60,2.500000e-01,1.680777,9.523810e-01
1015,60,60,5.000000e-01,1.680777,1.904762e+00
1016,60,60,2.500000e-01,1.404093,8.095238e-01
1017,60,60,1.250000e-01,1.680777,4.761905e-01
1018,60,60,6.250000e-02,1.680777,2.380952e-01
1019,60,60,5.000000e-01,1.404093,1.619048e+00
1020,60,60,2.500000e-01,1.680777,9.523810e-01
1021,60,60,5.000000e-01,1.680777,1.904762e+00
1022,60,60,2.500000e-01,1.404093,8.095238e-01
1023,60,60,1.250000e-01,1.680777,4.761905e-01
1024,60,60,6.250000e-02,1.680777,2.380952e-01
1025,60,60,5.000000e-01,1.404093,1.619048e+00
1026,60,60,2.500000e-01,1.680777,9.523810e-01
1027,60,60,5.000000e-01,1.680777,1.904762e+00
1028,60,60,2.500000e-01,1.404093,8.095238e-01
1029,60,60,1.250000e-01,1.680777,4.761905e-01
1030,60,60,6.250000e-02,1.680777,2.380952e-01
1031,60,60,5.000000e-01,1.404093,1.619048e+00
1032,60,60,2.500000e-01,1.680777,9.523810e-01
1033,60,60,5.000000e-01,1.680777,1.904762e+00
1034,60,60,2.500000e-01,1.404093,8.095238e-01
1035,60,60,1.250000e-01,1.680777,4.761905e-01
1036,60,60,6.250000e-02,1.680777,2.380952e-01
1037,60,60,5.000000e-01,1.404093,1.619048e+00
1038,60,60,2.500000e-01,1.680777,9.523810e-01
1039,60,60,5.000000e-01,1.680777,1.904762e+00
1040,60,60,2.500000e-01,1.404093,8.095238e-01
1041,60,60,1.250000e-01,1.680777,4.761905e-01
1042,60,60,6.250000e-02,1.680777,2.380952e-01
1043,60,60,5.000000e-01,1.404093,1.619048e+00
1044,60,60,2.500000e-01,1.680777,9.523810e-01
1045,60,60,5.000000e-01,1.680777,1.904762e+00
1046,60,60,2.500000e-01,1.404093,8.095238e-01
1047,60,60,1.250000e-01,1.680777,4.761905e-01
1048,60,60,6.250000e-02,1.680777,2.380952e-01
1049,60,60,5.000000e-01,1.404093,1.619048e+00
1050,60,60,2.500000e-01,1.680777,9.523810e-01
1051,60,60,5.000000e-01,1.680777,1.904762e+00
1052,60,60,2.500000e-01,1.404093,8.095238e-01
1053,60,60,1.250000e-01,1.680777,4.761905e-01
1054,60,60,6.250000e-02,1.680777,2.380952e-01
1055,60,60,5.000000e-01,1.404093,1.619048e+00
1056,60,60,2.500000e-01,1.680777,9.523810e-01
1057,60,60,5.000000e-01,1.680777,1.904762e+00
1058,60,60,2.500000e-01,1.404093,8.095238e-01
1059,60,60,1.250000e-01,1.680777,4.761905e-01
1060,60,60,6.250000e-02,1.680777,2.380952e-01
1061,60,60,5.000000e-01,1.404093,1.619048e+00
1062,60,60,2.500000e-01,1.680777,9.523810e-01
1063,60,60,5.000000e-01,1.680777,1.904762e+00
1064,60,60,2.500000e-01,1.404093,8.095238e-01
1065,60,60,1.250000e-01,1.680777,4.761905e-01
1066,60,60,6.250000e-02,1.680777,2.380952e-01
1067,60,60,5.000000e-01,1.404093,1.619048e+00
1068,60,60,2.500000e-01,1.680777,9.523810e-01
1069,60,60,5.000000e-01,1.680777,1.904762e+00
1070,60,60,2.500000e-01,1.404093,8.095238e-01
1071,60,60,1.250000e-01,1.680777,4.761905e-01
1072,60,60,6.250000e-02,1.680777,2.380952e-01
1073,60,60,5.000000e-01,1.404093,1.619048e+00
1074,60,60,2.500000e-01,1.680777,9.523810e-01
1075,60,60,5.000000e-01,1.680777,1.904762e+00
1076,60,60,2.500000e-01,1.404093,8.095238e-01
1077,60,60,1.250000e-01,1.680777,4.761905e-01
1078,60,60,6.250000e-02,1.680777,2.380952e-01
1079,60,60,5.000000e-01,1.404093,1.619048e+00
1080,60,60,2.500000e-01,1.680777,9.523810e-01
1081,60,60,5.000000e-01,1.680777,1.904762e+00
1082,60,60,2.500000e-01,1.404093,8.095238e-01
1083,60,60,1.250000e-01,1.680777,4.761905e-01
1084,60,60,6.250000e-02,1.680777,2.380952e-01
1085,60,60,5.000000e-01,1.404093,1.619048e+00
1086,60,60,2.500000e-01,1.680777,9.523810e-01
1087,60,60,5.000000e-01,1.680777,1.904762e+00
1088,60,60,2.500000e-01,1.404093,8.095238e-01
1089,60,60,1.250000e-01,1.680777,4.761905e-01
1090,60,60,6.250000e-02,1.680777,2.380952e-01
1091,60,60,5.000000e-01,1.404093,1.619048e+00
1092,60,60,2.500000e-01,1.680777,9.523810e-01
1093,60,60,5.000000e-01,1.680777,1.904762e+00
1094,60,60,2.500000e-01,1.404093,8.095238e-01
1095,60,60,1.250000e-01,1.680777,4.761905e-01
1096,60,60,6.250000e-02,1.680777,2.380952e-01
1097,60,60,5.000000e-01,1.404093,1.619048e+00
1098,60,60,2.500000e-01,1.680777,9.523810e-01
1099,60,60,5.000000e-01,1.680777,1.904762e+00
1100,60,60,2.500000e-01,1.404093,8.095238e-01
1101,60,60,1.250000e-01,1.680777,4.761905e-01
1102,60,60,6.250000e-02,1.680777,2.380952e-01
1103,60,60,5.000000e-01,1.404093,1.619048e+00
1104,60,60,2.500000e-01,1.680777,9.523810e-01
1105,60,60,5.000000e-01,1.680777,1.904762e+00
1106,60,60,2.500000e-01,1.404093,8.095238e-01
1107,60,60,1.250000e-01,1.680777,4.761905e-01
1108,60,60,6.250000e-02,1.680777,2.380952e-01
1109,60,60,5.000000e-01,1.404093,1.619048e+00
1110,60,60,2.500000e-01,1.680777,9.523810e-01
1111,60,60,5.000000e-01,1.680777,1.904762e+00
1112,60,60,2.500000e-01,1.404093,8.095238e-01
1113,60,60,1.250000e-01,1.680777,4.761905e-01
1114,60,60,6.250000e-02,1.680777,2.380952e-01
1115,60,60,5.000000e-01,1.404093,1.619048e+00
1116,60,60,2.500000e-01,1.680777,9.523810e-01
1117,60,60,5.000000e-01,1.680777,1.904762e+00
1118,60,60,2.500000e-01,1.404093,8.095238e-01
1119,60,60,1.250000e-01,1.680777,4.761905e-01
1120,60,60,6.250000e-02,1.680777,2.380952e-01
1121,60,60,5.000000e-01,1.404093,1.619048e+00
1122,60,60,2.500000e-01,1.680777,9.523810e-01
1123,60,60,5.000000e-01,1.680777,1.904762e+00
1124,60,60,2.500000e-01,1.404093,8.095238e-01
1125,60,60,1.250000e-01,1.680777,4.761905e-01
1126,60,60,6.250000e-02,1.680777,2.380952e-01
1127,60,60,5.000000e-01,1.404093,1.619048e+00
1128,60,60,2.500000e-01,1.680777,9.523810e-01
1129,60,60,5.000000e-01,1.680777,1.904762e+00
1130,60,60,2.500000e-01,1.404093,8.095238e-01
1131,60,60,1.250000e-01,1.680777,4.761905e-01
1132,60,60,6.250000e-02,1.680777,2.380952e-01
1133,60,60,5.000000e-01,1.404093,1.619048e+00
1134,60,60,2.500000e-01,1.680777,9.523810e-01
1135,60,60,5.000000e-01,1.680777,1.904762e+00
1136,60,60,2.500000e-01,1.404093,8.095238e-01
1137,60,60,1.250000e-01,1.680777,4.761905e-01
1138,60,60,6.250000e-02,1.680777,2.380952e-01
1139,60,60,5.000000e-01,1.404093,1.619048e+00
1140,60,60,2.500000e-01,1.680777,9.523810e-01
1141,60,60,5.000000e-01,1.680777,1.904762e+00
1142,60,60,2.500000e-01,1.404093,8.095238e-01
1143,60,60,1.250000e-01,1.680777,4.761905e-01
1144,60,60,6.250000e-02,1.680777,2.380952e-01
1145,60,60,5.000000e-01,1.404093,1.619048e+00
1146,60,60,2.500000e-01,1.680777,9.523810e-01
1147,60,60,5.000000e-01,1.680777,1.904762e+00
1148,60,60,2.500000e-01,1.404093,8.095238e-01
1149,60,60,1.250000e-01,1.680777,4.761905e-01
1150,60,60,6.250000e-02,1.680777,2.380952e-01
1151,60,60,5.000000e-01,1.404093,1.619048e+00
1152,60,60,2.500000e-01,1.680777,9.523810e-01
1153,60,60,5.000000e-01,1.680777,1.904762e+00
1154,60,60,2.500000e-01,1.404093,8.095238e-01
1155,60,60,1.250000e-01,1.680777,4.761905e-01
1156,60,60,6.250000e-02,1.680777,2.380952e-01
1157,60,60,5.000000e-01,1.404093,1.619048e+00
1158,60,60,2.500000e-01,1.680777,9.523810e-01
1159,60,60,5.000000e-01,1.680777,1.904762e+00
1160,60,60,2.500000e-01,1.404093,8.095238e-01
1161,60,60,1.250000e-01,1.680777,4.761905e-01
1162,60,60,6.250000e-02,1.680777,2.380952e-01
1163,60,60,5.000000e-01,1.404093,1.619048e+00
1164,60,60,2.500000e-01,1.680777,9.523810e-01
1165,60,60,5.000000e-01,1.680777,1.904762e+00
1166,60,60,2.500000e-01,1.404093,8.095238e-01
1167,60,60,1.250000e-01,1.680777,4.761905e-01
1168,60,60,6.250000e-02,1.680777,2.380952e-01
1169,60,60,5.000000e-01,1.404093,1.619048e+00
1170,60,60,2.500000e-01,1.680777,9.523810e-01
1171,60,60,5.000000e-01,1.680777,1.904762e+00
1172,60,60,2.500000e-01,1.404093,8.095238e-01
1173,60,60,1.250000e-01,1.680777,4.761905e-01
1174,60,60,6.250000e-02,1.680777,2.380952e-01
1175,60,60,5.000000e-01,1.404093,1.619048e+00
1176,60,60,2.500000e-01,1.680777,9.523810e-01
1177,60,60,5.000000e-01,1.680777,1.904762e+00
1178,60,60,2.500000e-01,1.404093,8.095238e-01
1179,60,60,1.250000e-01,1.680777,4.761905e-01
1180,60,60,6.250000e-02,1.680777,2.380952e-01
1181,60,60,5.000000e-01,1.404093,1.619048e+00
1182,60,60,2.500000e-01,1.680777,9.523810e-01
1183,60,60,5.000000e-01,1.680777,1.904762e+00
1184,60,60,2.500000e-01,1.404093,8.095238e-01
1185,60,60,1.250000e-01,1.680777,4.761905e-01
1186,60,60,6.250000e-02,1.680777,2.380952e-01
1187,60,60,5.000000e-01,1.404093,1.619048e+00
1188,60,60,2.500000e-01,1.680777,9.523810e-01
1189,60,60,5.000000e-01,1.680777,1.904762e+00
1190,60,60,2.500000e-01,1.404093,8.095238e-01
1191,60,60,1.250000e-01,1.680777,4.761905e-01
1192,60,60,6.250000e-02,1.680777,2.380952e-01
1193,60,60,5.000000e-01,1.404093,1.619048e+00
1194,60,60,2.500000e-01,1.680777,9.523810e-01
1195,60,60,5.000000e-01,1.680777,1.904762e+00
1196,60,60,2.500000e-01,1.404093,8.095238e-01
1197,60,60,1.250000e-01,1.680777,4.761905e-01
1198,60,60,6.250000e-02,1.680777,2.380952e-01
1199,60,60,5.000000e-01,1.404093,1.619048e+00
1200,60,60,2.500000e-01,1.680777,9.523810e-01
1201,60,60,5.000000e-01,1.680777,1.904762e+00
1202,60,60,2.500000e-01,1.404093,8.095238e-01
1203,60,60,1.250000e-01,1.680777,4.761905e-01
1204,60,60,6.250000e-02,1.680777,2.380952e-01
1205,60,60,5.000000e-01,1.404093,1.619048e+00
1206,60,60,2.500000e-01,1.680777,9.523810e-01
1207,60,60,5.000000e-01,1.680777,1.904762e+00
1208,60,60,2.500000e-01,1.404093,8.095238e-01
1209,60,60,1.250000e-01,1.680777,4.761905e-01
1210,60,60,6.250000e-02,1.680777,2.380952e-01
1211,60,60,5.000000e-01,1.404093,1.619048e+00
1212,60,60,2.500000e-01,1.680777,9.523810e-01
1213,60,60,5.000000e-01,1.680777,1.904762e+00
1214,60,60,2.500000e-01,1.404093,8.095238e-01
1215,60,60,1.250000e-01,1.680777,4.761905e-01
1216,60,60,6.250000e-02,1.680777,2.380952e-01
1217,60,60,5.000000e-01,1.404093,1.619048e+00
1218,60,60,2.500000e-01,1.680777,9.523810e-01
1219,60,60,5.000000e-01,1.680777,1.904762e+00
1220,60,60,2.500000e-01,1.404093,8.095238e-01
1221,60,60,1.250000e-01,1.680777,4.761905e-01
1222,60,60,6.250000e-02,1.680777,2.380952e-01
1223,60,60,5.000000e-01,1.404093,1.619048e+00
1224,60,60,2.500000e-01,1.680777,9.523810e-01
1225,60,60,5.000000e-01,1.680777,1.904762e+00
1226,60,60,2.500000e-01,1.404093,8.095238e-01
1227,60,60,1.250000e-01,1.680777,4.761905e-01
1228,60,60,6.250000e-02,1.680777,2.380952e-01
1229,60,60,5.000000e-01,1.404093,1.619048e+00
1230,60,60,2.500000e-01,1.680777,9.523810e-01
1231,60,60,5.000000e-01,1.680777,1.904762e+00
1232,60,60,2.500000e-01,1.404093,8.095238e-01
1233,60,60,1.250000e-01,1.680777,4.761905e-01
1234,60,60,6.250000e-02,1.680777,2.380952e-01
1235,60,60,5.000000e-01,1.404093,1.619048e+00
1236,60,60,2.500000e-01,1.680777,9.523810e-01
1237,60,60,5.000000e-01,1.680777,1.904762e+00
1238,60,60,2.500000e-01,1.404093,8.095238e-01
1239,60,60,1.250000e-01,1.680777,4.761905e-01
1240,60,60,6.250000e-02,1.680777,2.380952e-01
1241,60,60,5.000000e-01,1.404093,1.619048e+00
1242,60,60,2.500000e-01,1.680777,9.523810e-01
1243,60,60,5.000000e-01,1.680777,1.904762e+00
1244,60,60,2.500000e-01,1.404093,8.095238e-01
1245,60,60,1.250000e-01,1.680777,4.761905e-01
1246,60,60,6.250000e-02,1.680777,2.380952e-01
1247,60,60,5.000000e-01,1.404093,1.619048e+00
1248,60,60,2.500000e-01,1.680777,9.523810e-01
1249,60,60,5.000000e-01,1.680777,1.904762e+00
1250,60,60,2.500000e-01,1.404093,8.095238e-01
1251,60,60,1.250000e-01,1.680777,4.761905e-01
1252,60,60,6.250000e-02,1.680777,2.380952e-01
1253,60,60,5.000000e-01,1.404093,1.619048e+00
1254,60,60,2.500000e-01,1.680777,9.523810e-01
1255,60,60,5.000000e-01,1.680777,1.904762e+00
1256,60,60,2.500000e-01,1.404093,8.095238e-01
1257,60,60,1.250000e-01,1.680777,4.761905e-01
1258,60,60,6.250000e-02,1.680777,2.380952e-01
1259,60,60,5.000000e-01,1.404093,1.619048e+00
1260,60,60,2.500000e-01,1.680777,9.523810e-01
1261,60,60,5.000000e-01,1.680777,1.904762e+00
1262,60,60,2.500000e-01,1.404093,8.095238e-01
1263,60,60,1.250000e-01,1.680777,4.761905e-01
1264,60,60,6.250000e-02,1.680777,2.380952e-01
1265,60,60,5.000000e-01,1.404093,1.619048e+00
1266,60,60,2.500000e-01,1.680777,9.523810e-01
1267,60,60,5.000000e-01,1.680777,1.904762e+00
1268,60,60,2.500000e-01,1.404093,8.095238e-01
1269,60,60,1.250000e-01,1.680777,4.761905e-01
1270,60,60,6.250000e-02,1.680777,2.380952e-01
1271,60,60,5.000000e-01,1.404093,1.619048e+00
1272,60,60,2.500000e-01,1.680777,9.523810e-01
1273,60,60,5.000000e-01,1.680777,1.904762e+00
1274,60,60,2.500000e-01,1.404093,8.095238e-01
1275,60,60,1.250000e-01,1.680777,4.761905e-01
1276,60,60,6.250000e-02,1.680777,2.380952e-01
1277,60,60,5.000000e-01,1.404093,1.619048e+00
1278,60,60,2.500000e-01,1.680777,9.523810e-01
1279,60,60,5.000000e-01,1.680777,1.904762e+00
1280,60,60,2.500000e-01,1.404093,8.095238e-01
1281,60,60,1.250000e-01,1.680777,4.761905e-01
1282,60,60,6.250000e-02,1.680777,2.380952e-01
1283,60,60,5.000000e-01,1.404093,1.619048e+00
1284,60,60,2.500000e-01,1.680777,9.523810e-01
1285,60,60,5.000000e-01,1.680777,1.904762e+00
1286,60,60,2.500000e-01,1.404093,8.095238e-01
1287,60,60,1.250000e-01,1.680777,4.761905e-01
1288,60,60,6.250000e-02,1.680777,2.380952e-01
1289,60,60,5.000000e-01,1.404093,1.619048e+00
1290,60,60,2.500000e-01,1.680777,9.523810e-01
1291,60,60,5.000000e-01,1.680777,1.904762e+00
1292,60,60,2.500000e-01,1.404093,8.095238e-01
1293,60,60,1.250000e-01,1.680777,4.761905e-01
1294,60,60,6.250000e-02,1.680777,2.380952e-01
1295,60,60,5.000000e-01,1.404093,1.619048e+00
1296,60,60,2.500000e-01,1.680777,9.523810e-01
1297,60,60,5.000000e-01,1.680777,1.904762e+00
1298,60,60,2.500000e-01,1.404093,8.095238e-01
1299,60,60,1.250000e-01,1.680777,4.761905e-01
1300,60,60,6.250000e-02,1.680777,2.380952e-01
1301,60,60,5.000000e-01,1.404093,1.619048e+00
1302,60,60,2.500000e-01,1.680777,9.523810e-01
1303,60,60,5.000000e-01,1.680777,1.904762e+00
1304,60,60,2.500000e-01,1.404093,8.095238e-01
1305,60,60,1.250000e-01,1.680777,4.761905e-01
1306,60,60,6.250000e-02,1.680777,2.380952e-01
1307,60,60,5.000000e-01,1.404093,1.619048e+00
1308,60,60,2.500000e-01,1.680777,9.523810e-01
1309,60,60,5.000000e-01,1.680777,1.904762e+00
1310,60,60,2.500000e-01,1.404093,8.095238e-01
1311,60,60,1.250000e-01,1.680777,4.761905e-01
1312,60,60,6.250000e-02,1.680777,2.380952e-01
1313,60,60,5.000000e-01,1.404093,1.619048e+00
1314,60,60,2.500000e-01,1.680777,9.523810e-01
1315,60,60,5.000000e-01,1.680777,1.904762e+00
1316,60,60,2.500000e-01,1.404093,8.095238e-01
1317,60,60,1.250000e-01,1.680777,4.761905e-01
1318,60,60,6.250000e-02,1.680777,2.380952e-01
1319,60,60,5.000000e-01,1.404093,1.619048e+00
1320,60,60,2.500000e-01,1.680777,9.523810e-01
1321,60,60,5.000000e-01,1.680777,1.904762e+00
1322,60,60,2.500000e-01,1.404093,8.095238e-01
1323,60,60,1.250000e-01,1.680777,4.761905e-01
1324,60,60,6.250000e-02,1.680777,2.380952e-01
1325,60,60,5.000000e-01,1.404093,1.619048e+00
1326,60,60,2.500000e-01,1.680777,9.523810e-01
1327,60,60,5.000000e-01,1.680777,1.904762e+00
1328,60,60,2.500000e-01,1.404093,8.095238e-01
1329,60,60,1.250000e-01,1.680777,4.761905e-01
1330,60,60,6.250000e-02,1.680777,2.380952e-01
1331,60,60,5.000000e-01,1.404093,1.619048e+00
1332,60,60,2.500000e-01,1.680777,9.523810e-01
1333,60,60,5.000000e-01,1.680777,1.904762e+00
1334,60,60,2.500000e-01,1.404093,8.095238e-01
1335,60,60,1.250000e-01,1.680777,4.761905e-01
1336,60,60,6.250000e-02,1.680777,2.380952e-01
1337,60,60,5.000000e-01,1.404093,1.619048e+00
1338,60,60,2.500000e-01,1.680777,9.523810e-01
1339,60,60,5.000000e-01,1.680777,1.904762e+00
1340,60,60,2.500000e-01,1.404093,8.095238e-01
1341,60,60,1.250000e-01,1.680777,4.761905e-01
1342,60,60,6.250000e-02,1.680777,2.380952e-01
1343,60,60,5.000000e-01,1.404093,1.619048e+00
1344,60,60,2.500000e-01,1.680777,9.523810e-01
1345,60,60,5.000000e-01,1.680777,1.904762e+00
1346,60,60,2.500000e-01,1.404093,8.095238e-01
1347,60,60,1.250000e-01,1.680777,4.761905e-01
1348,60,60,6.250000e-02,1.680777,2.380952e-01
1349,60,60,5.000000e-01,1.404093,1.619048e+00
1350,60,60,2.500000e-01,1.680777,9.523810e-01
1351,60,60,5.000000e-01,1.680777,1.904762e+00
1352,60,60,2.500000e-01,1.404093,8.095238e-01
1353,60,60,1.250000e-01,1.680777,4.761905e-01
1354,60,60,6.250000e-02,1.680777,2.380952e-01
1355,60,60,5.000000e-01,1.404093,1.619048e+00
1356,60,60,2.500000e-01,1.680777,9.523810e-01
1357,60,60,5.000000e-01,1.680777,1.904762e+00
1358,60,60,2.500000e-01,1.404093,8.095238e-01
1359,60,60,1.250000e-01,1.680777,4.761905e-01
1360,60,60,6.250000e-02,1.680777,2.380952e-01
1361,60,60,5.000000e-01,1.404093,1.619048e+00
1362,60,60,2.500000e-01,1.680777,9.523810e-01
1363,60,60,5.000000e-01,1.680777,1.904762e+00
1364,60,60,2.500000e-01,1.404093,8.095238e-01
1365,60,60,1.250000e-01,1.680777,4.761905e-01
1366,60,60,6.250000e-02,1.680777,2.380952e-01
1367,60,60,5.000000e-01,1.404093,1.619048e+00
1368,60,60,2.500000e-01,1.680777,9.523810e-01
1369,60,60,5.000000e-01,1.680777,1.904762e+00
1370,60,60,2.500000e-01,1.404093,8.095238e-01
1371,60,60,1.250000e-01,1.680777,4.761905e-01
1372,60,60,6.250000e-02,1.680777,2.380952e-01
1373,60,60,5.000000e-01,1.404093,1.619048e+00
1374,60,60,2.500000e-01,1.680777,9.523810e-01
1375,60,60,5.000000e-01,1.680777,1.904762e+00
1376,60,60,2.500000e-01,1.404093,8.095238e-01
1377,60,60,1.250000e-01,1.680777,4.761905e-01
1378,60,60,6.250000e-02,1.680777,2.380952e-01
1379,60,60,5.000000e-01,1.404093,1.619048e+00
1380,60,60,2.500000e-01,1.680777,9.523810e-01
1381,60,60,5.000000e-01,1.680777,1.904762e+00
1382,60,60,2.500000e-01,1.404093,8.095238e-01
1383,60,60,1.250000e-01,1.680777,4.761905e-01
1384,60,60,6.250000e-02,1.680777,2.380952e-01
1385,60,60,5.000000e-01,1.404093,1.619048e+00
1386,60,60,2.500000e-01,1.680777,9.523810e-01
1387,60,60,5.000000e-01,1.680777,1.904762e+00
1388,60,60,2.500000e-01,1.404093,8.095238e-01
1389,60,60,1.250000e-01,1.680777,4.761905e-01
1390,60,60,6.250000e-02,1.680777,2.380952e-01
1391,60,60,5.000000e-01,1.404093,1.619048e+00
1392,60,60,2.500000e-01,1.680777,9.523810e-01
1393,60,60,5.000000e-01,1.680777,1.904762e+00
1394,60,60,2.500000e-01,1.404093,8.095238e-01
1395,60,60,1.250000e-01,1.680777,4.761905e-01
1396,60,60,6.250000e-02,1.680777,2.380952e-01
1397,60,60,5.000000e-01,1.404093,1.619048e+00
1398,60,60,2.500000e-01,1.680777,9.523810e-01
1399,60,60,5.000000e-01,1.680777,1.904762e+00
1400,60,60,2.500000e-01,1.404093,8.095238e-01
1401,60,60,1.250000e-01,1.680777,4.761905e-01
1402,60,60,6.250000e-02,1.680777,2.380952e-01
1403,60,60,5.000000e-01,1.404093,1.619048e+00
1404,60,60,2.500000e-01,1.680777,9.523810e-01
1405,60,60,5.000000e-01,1.680777,1.904762e+00
1406,60,60,2.500000e-01,1.404093,8.095238e-01
1407,60,60,1.250000e-01,1.680777,4.761905e-01
1408,60,60,6.250000e-02,1.680777,2.380952e-01
1409,60,60,5.000000e-01,1.404093,1.619048e+00
1410,60,60,2.500000e-01,1.680777,9.523810e-01
1411,60,60,5.000000e-01,1.680777,1.904762e+00
1412,60,60,2.500000e-01,1.404093,8.095238e-01
1413,60,60,1.250000e-01,1.680777,4.761905e-01
1414,60,60,6.250000e-02,1.680777,2.380952e-01
1415,60,60,5.000000e-01,1.404093,1.619048e+00
1416,60,60,2.500000e-01,1.680777,9.523810e-01
1417,60,60,5.000000e-01,1.680777,1.904762e+00
1418,60,60,2.500000e-01,1.404093,8.095238e-01
1419,60,60,1.250000e-01,1.680777,4.761905e-01
1420,60,60,6.250000e-02,1.680777,2.380952e-01
1421,60,60,5.000000e-01,1.404093,1.619048e+00
1422,60,60,2.500000e-01,1.680777,9.523810e-01
1423,60,60,5.000000e-01,1.680777,1.904762e+00
1424,60,60,2.500000e-01,1.404093,8.095238e-01
1425,60,60,1.250000e-01,1.680777,4.761905e-01
1426,60,60,6.250000e-02,1.680777,2.380952e-01
1427,60,60,5.000000e-01,1.404093,1.619048e+00
1428,60,60,2.500000e-01,1.680777,9.523810e-01
1429,60,60,5.000000e-01,1.680777,1.904762e+00
1430,60,60,2.500000e-01,1.404093,8.095238e-01
1431,60,60,1.250000e-01,1.680777,4.761905e-01
1432,60,60,6.250000e-02,1.680777,2.380952e-01
1433,60,60,5.000000e-01,1.404093,1.619048e+00
1434,60,60,2.500000e-01,1.680777,9.523810e-01
1435,60,60,5.000000e-01,1.680777,1.904762e+00
1436,60,60,2.500000e-01,1.404093,8.095238e-01
1437,60,60,1.250000e-01,1.680777,4.761905e-01
1438,60,60,6.250000e-02,1.680777,2.380952e-01
1439,60,60,5.000000e-01,1.404093,1.619048e+00
1440,60,60,2.500000e-01,1.680777,9.523810e-01
1441,60,60,5.000000e-01,1.680777,1.904762e+00
1442,60,60,2.500000e-01,1.404093,8.095238e-01
1443,60,60,1.250000e-01,1.680777,4.761905e-01
1444,60,60,6.250000e-02,1.680777,2.380952e-01
1445,60,60,5.000000e-01,1.404093,1.619048e+00
1446,60,60,2.500000e-01,1.680777,9.523810e-01
1447,60,60,5.000000e-01,1.680777,1.904762e+00
1448,60,60,2.500000e-01,1.404093,8.095238e-01
1449,60,60,1.250000e-01,1.680777,4.761905e-01
1450,60,60,6.250000e-02,1.680777,2.380952e-01
1451,60,60,5.000000e-01,1.404093,1.619048e+00
1452,60,60,2.500000e-01,1.680777,9.523810e-01
1453,60,60,5.000000e-01,1.680777,1.904762e+00
1454,60,60,2.500000e-01,1.404093,8.095238e-01
1455,60,60,1.250000e-01,1.680777,4.761905e-01
1456,60,60,6.250000e-02,1.680777,2.380952e-01
1457,60,60,5.000000e-01,1.404093,1.619048e+00
