r,b,v_PF,P_r,P_b_given_r
1,0,0.04855783612935842,0.09352455713807953,0.5191987817452874
1,1,0.0,0.09352455713807953,0.0
1,2,0.0,0.09352455713807953,0.0
1,3,0.0,0.09352455713807953,0.0
1,4,0.0,0.09352455713807953,0.0
1,5,0.0,0.09352455713807953,0.0
1,6,0.0,0.09352455713807953,0.0
1,7,0.0,0.09352455713807953,0.0
1,8,0.0,0.09352455713807953,0.0
1,9,0.0,0.09352455713807953,0.0
1,10,0.0036047345539901095,0.09352455713807953,0.0385431876321861
1,11,0.0006505985400553988,0.09352455713807953,0.006956446092493718
1,12,0.008273844827618098,0.09352455713807953,0.08846708373505159
1,13,0.00042129038803437574,0.09352455713807953,0.0045045964495975446
1,14,0.0006202262398713131,0.09352455713807953,0.0066316939513074834
1,15,0.024557749475372856,0.09352455713807953,0.2625807619609022
1,16,0.0006599363554839427,0.09352455713807953,0.007056289553016686
1,17,0.000979106502196669,0.09352455713807953,0.010468977690545143
1,18,0.0017412598417013811,0.09352455713807953,0.018618209965224293
1,19,0.0008180300084489862,0.09352455713807953,0.008746686789879665
1,20,0.0004680444686966128,0.09352455713807953,0.0050045087944719435
1,21,0.0003919508733595243,0.09352455713807953,0.004190887242383287
1,22,0.0003048237689214814,0.09352455713807953,0.0032592912305528486
1,23,0.0004421723946288067,0.09352455713807953,0.004727874775990481
1,24,0.00020487095785097582,0.09352455713807953,0.0021905579039364453
1,25,0.00020711530901779097,0.09352455713807953,0.0022145553569636925
1,26,0.00011758562745926126,0.09352455713807953,0.0012572700802598615
1,27,0.00012133894213378925,0.09352455713807953,0.0012974019428356619
1,28,0.00008752127175358765,0.09352455713807953,0.000935810598112444
1,29,0.00006448074212165684,0.09352455713807953,0.0006894525255699159
1,30,0.00004866262749727554,0.09352455713807953,0.0005203192507549659
1,31,0.000037403421334412944,0.09352455713807953,0.00039993155251396255
1,32,0.000030025979593993824,0.09352455713807953,0.0003210491502211928
1,33,0.000023276226665739457,0.09352455713807953,0.0002488782345301509
1,34,0.000019691809116267342,0.09352455713807953,0.00021055228400808552
1,35,0.000014701261610687202,0.09352455713807953,0.00015719145923334638
1,36,0.000011888104451877119,0.09352455713807953,0.00012711211702746197
1,37,9.212064235295693e-6,0.09352455713807953,0.00009849888111947982
1,38,7.291005241741827e-6,0.09352455713807953,0.00007795819049939362
1,39,5.836908928308607e-6,0.09352455713807953,0.00006241044178045134
1,40,4.635709582096184e-6,0.09352455713807953,0.00004956676325397647
1,41,3.7101155064501086e-6,0.09352455713807953,0.00003966996070318194
1,42,2.9390940124895484e-6,0.09352455713807953,0.00003142590676104752
1,43,2.276180790047752e-6,0.09352455713807953,0.000024337787418626336
1,44,1.807573191918977e-6,0.09352455713807953,0.000019327257430904254
1,45,1.439853021145749e-6,0.09352455713807953,0.000015395454041230605
1,46,1.1306862511735677e-6,0.09352455713807953,0.000012089725797944427
1,47,8.971057115093033e-7,0.09352455713807953,9.592194167621853e-6
1,48,7.021079003795439e-7,0.09352455713807953,7.507203689218787e-6
1,49,5.566656008809272e-7,0.09352455713807953,5.9520795170306646e-6
1,50,4.3829575889803245e-7,0.09352455713807953,4.686424317956761e-6
1,51,3.423642907572829e-7,0.09352455713807953,3.660688713573022e-6
1,52,2.67994349516638e-7,0.09352455713807953,2.865497124150735e-6
1,53,2.1108249750401365e-7,0.09352455713807953,2.2569740393677755e-6
1,54,1.6334401157063773e-7,0.09352455713807953,1.7465360603576754e-6
1,55,1.2605321988152466e-7,0.09352455713807953,1.3478087866849758e-6
1,56,9.718853789918987e-8,0.09352455713807953,1.0391766705262326e-6
1,57,7.387150297191666e-8,0.09352455713807953,7.898620986021123e-7
1,58,5.690419442980153e-8,0.09352455713807953,6.084412070060729e-7
1,59,4.368351090919903e-8,0.09352455713807953,4.670806496811822e-7
1,60,3.357715766702804e-8,0.09352455713807953,3.5901969166723526e-7
1,61,2.566968500866685e-8,0.09352455713807953,2.744699979789069e-7
1,62,1.9976415018653978e-8,0.09352455713807953,2.1359539814939543e-7
1,63,1.510608271901535e-8,0.09352455713807953,1.61519959904357e-7
1,64,1.1303101360043704e-8,0.09352455713807953,1.2085704232050861e-7
1,65,8.704626534711163e-9,0.09352455713807953,9.307316496414588e-8
1,66,6.6439700883782e-9,0.09352455713807953,7.103984548752315e-8
1,67,4.1891141367504975e-9,0.09352455713807953,4.479159554389223e-8
1,68,3.0614428311726333e-9,0.09352455713807953,3.2734106686575626e-8
1,69,2.3262548808317985e-9,0.09352455713807953,2.4873198569626147e-8
1,70,1.8108810148614244e-9,0.09352455713807953,1.936262592709038e-8
1,71,1.2015699712238818e-9,0.09352455713807953,1.2847641389521744e-8
1,72,6.707068049464124e-10,0.09352455713807953,7.171451279434361e-9
1,73,3.968784259901387e-10,0.09352455713807953,4.243574502087061e-9
1,74,0.0,0.09352455713807953,0.0
1,75,0.0,0.09352455713807953,0.0
1,76,0.0,0.09352455713807953,0.0
1,77,0.0,0.09352455713807953,0.0
1,78,0.0,0.09352455713807953,0.0
1,79,0.0,0.09352455713807953,0.0
1,80,0.0,0.09352455713807953,0.0
1,81,0.0,0.09352455713807953,0.0
1,82,0.0,0.09352455713807953,0.0
1,83,0.0,0.09352455713807953,0.0
1,84,0.0,0.09352455713807953,0.0
1,85,0.0,0.09352455713807953,0.0
1,86,0.0,0.09352455713807953,0.0
1,87,0.0,0.09352455713807953,0.0
1,88,0.0,0.09352455713807953,0.0
1,89,0.0,0.09352455713807953,0.0
1,90,0.0,0.09352455713807953,0.0
1,91,0.0,0.09352455713807953,0.0
1,92,0.0,0.09352455713807953,0.0
1,93,0.0,0.09352455713807953,0.0
1,94,0.0,0.09352455713807953,0.0
1,95,0.0,0.09352455713807953,0.0
1,96,0.0,0.09352455713807953,0.0
1,97,0.0,0.09352455713807953,0.0
1,98,0.0,0.09352455713807953,0.0
1,99,0.0,0.09352455713807953,0.0
1,100,0.0,0.09352455713807953,0.0
1,101,0.0,0.09352455713807953,0.0
1,102,0.0,0.09352455713807953,0.0
1,103,0.0,0.09352455713807953,0.0
1,104,0.0,0.09352455713807953,0.0
1,105,0.0,0.09352455713807953,0.0
1,106,0.0,0.09352455713807953,0.0
1,107,0.0,0.09352455713807953,0.0
1,108,0.0,0.09352455713807953,0.0
3,0,0.0,0.0626767392370622,0.0
3,1,0.0,0.0626767392370622,0.0
3,2,0.0,0.0626767392370622,0.0
3,3,0.0,0.0626767392370622,0.0
3,4,0.0,0.0626767392370622,0.0
3,5,0.0,0.0626767392370622,0.0
3,6,0.0,0.0626767392370622,0.0
3,7,0.0,0.0626767392370622,0.0
3,8,0.024170607471829163,0.0626767392370622,0.3856391983062279
3,9,0.0,0.0626767392370622,0.0
3,10,0.003410015396116063,0.0626767392370622,0.05440639442358932
3,11,0.0,0.0626767392370622,0.0
3,12,0.0006598145261526357,0.0626767392370622,0.010527263131175659
3,13,0.0013369412891674458,0.0626767392370622,0.02133074096453444
3,14,0.003555322568237361,0.0626767392370622,0.056724753257984054
3,15,0.0027943507024851683,0.0626767392370622,0.04458353667564129
3,16,0.0008052796717392773,0.0626767392370622,0.012848142413622834
3,17,0.0012330863999055746,0.0626767392370622,0.019673748425898044
3,18,0.021356559005349746,0.0626767392370622,0.34074138612369165
3,19,0.0006916569303412523,0.0626767392370622,0.011035304943436809
3,20,0.0005777639838985527,0.0626767392370622,0.00921815638355525
3,21,0.00032097927784105224,0.0626767392370622,0.005121186611623372
3,22,0.00039993725193444976,0.0626767392370622,0.006380951798110736
3,23,0.0003375279957552975,0.0626767392370622,0.005385219458827709
3,24,0.00021924319628895873,0.0626767392370622,0.003497999400698165
3,25,0.00021795322791031115,0.0626767392370622,0.0034774181069941556
3,26,0.0001228895294915011,0.0626767392370622,0.001960687983889782
3,27,0.00009972023269298077,0.0626767392370622,0.0015910245795622677
3,28,0.00007084299654887909,0.0626767392370622,0.0011302916745705239
3,29,0.000060613901999357385,0.0626767392370622,0.0009670876745852629
3,30,0.000053962543127821014,0.0626767392370622,0.0008609660263868947
3,31,0.00003691745639964215,0.0626767392370622,0.0005890136731588617
3,32,0.00003046886984107513,0.0626767392370622,0.0004861272333557867
3,33,0.00002391439951698048,0.0626767392370622,0.0003815514305319723
3,34,0.00001897591265736664,0.0626767392370622,0.000302758453747794
3,35,0.00001532348555659171,0.0626767392370622,0.00024448440909846474
3,36,0.000011417727314551768,0.0626767392370622,0.00018216849589712227
3,37,9.489817078148175e-6,0.0626767392370622,0.0001514089149126735
3,38,7.2434624259064825e-6,0.0626767392370622,0.00011556859074160731
3,39,5.937152975393589e-6,0.0626767392370622,0.00009472657715867282
3,40,4.660941847024312e-6,0.0626767392370622,0.00007436477876417971
3,41,3.619936395773131e-6,0.0626767392370622,0.000057755659273872675
3,42,2.949584263204158e-6,0.0626767392370622,0.000047060269872176134
3,43,2.2943378951922495e-6,0.0626767392370622,0.00003660589116664759
3,44,1.806019169700444e-6,0.0626767392370622,0.000028814823356868306
3,45,1.4304108633733836e-6,0.0626767392370622,0.00002282203702338664
3,46,1.1265435431274385e-6,0.0626767392370622,0.000017973869681805133
3,47,8.900535462577102e-7,0.0626767392370622,0.000014200699607094446
3,48,6.98818204939882e-7,0.0626767392370622,0.000011149562237064412
3,49,5.545721758264384e-7,0.0626767392370622,8.848133814506214e-6
3,50,4.3464079592567514e-7,0.0626767392370622,6.934642759281613e-6
3,51,3.42994974734429e-7,0.0626767392370622,5.472444465196558e-6
3,52,2.676869034414941e-7,0.0626767392370622,4.270913048444049e-6
3,53,2.118914833586471e-7,0.0626767392370622,3.380703685895497e-6
3,54,1.6338737844649e-7,0.0626767392370622,2.6068263990012307e-6
3,55,1.252298641481962e-7,0.0626767392370622,1.998027747974242e-6
3,56,9.661349513253313e-8,0.0626767392370622,1.5414569473231841e-6
3,57,7.414636247502351e-8,0.0626767392370622,1.182996489249062e-6
3,58,5.778163177447916e-8,0.0626767392370622,9.218991363914407e-7
3,59,4.431440642415487e-8,0.0626767392370622,7.070311404769242e-7
3,60,3.314070012302267e-8,0.0626767392370622,5.28755971137468e-7
3,61,2.5496798109666744e-8,0.0626767392370622,4.067984138937129e-7
3,62,2.0047728898018244e-8,0.0626767392370622,3.1985915575779603e-7
3,63,1.4689783075901739e-8,0.0626767392370622,2.3437376058031004e-7
3,64,1.1410325735623832e-8,0.0626767392370622,1.8205040457619475e-7
3,65,8.147132916205775e-9,0.0626767392370622,1.2998654708871943e-7
3,66,5.899960053491419e-9,0.0626767392370622,9.413316846583232e-8
3,67,4.469926521910494e-9,0.0626767392370622,7.131715172679762e-8
3,68,3.4042618300623765e-9,0.0626767392370622,5.4314596954165705e-8
3,69,2.456900341151227e-9,0.0626767392370622,3.919955586487188e-8
3,70,1.5688619088726166e-9,0.0626767392370622,2.5031007164216233e-8
3,71,9.964121054749477e-10,0.0626767392370622,1.5897637905287616e-8
3,72,8.028881150914498e-10,0.0626767392370622,1.2809985408696622e-8
3,73,4.176036840705658e-10,0.0626767392370622,6.662817644215083e-9
3,74,0.0,0.0626767392370622,0.0
3,75,0.0,0.0626767392370622,0.0
3,76,0.0,0.0626767392370622,0.0
3,77,0.0,0.0626767392370622,0.0
3,78,0.0,0.0626767392370622,0.0
3,79,0.0,0.0626767392370622,0.0
3,80,0.0,0.0626767392370622,0.0
3,81,0.0,0.0626767392370622,0.0
3,82,0.0,0.0626767392370622,0.0
3,83,0.0,0.0626767392370622,0.0
3,84,0.0,0.0626767392370622,0.0
3,85,0.0,0.0626767392370622,0.0
3,86,0.0,0.0626767392370622,0.0
3,87,0.0,0.0626767392370622,0.0
3,88,0.0,0.0626767392370622,0.0
3,89,0.0,0.0626767392370622,0.0
3,90,0.0,0.0626767392370622,0.0
3,91,0.0,0.0626767392370622,0.0
3,92,0.0,0.0626767392370622,0.0
3,93,0.0,0.0626767392370622,0.0
3,94,0.0,0.0626767392370622,0.0
3,95,0.0,0.0626767392370622,0.0
3,96,0.0,0.0626767392370622,0.0
3,97,0.0,0.0626767392370622,0.0
3,98,0.0,0.0626767392370622,0.0
3,99,0.0,0.0626767392370622,0.0
3,100,0.0,0.0626767392370622,0.0
3,101,0.0,0.0626767392370622,0.0
3,102,0.0,0.0626767392370622,0.0
3,103,0.0,0.0626767392370622,0.0
3,104,0.0,0.0626767392370622,0.0
3,105,0.0,0.0626767392370622,0.0
3,106,0.0,0.0626767392370622,0.0
3,107,0.0,0.0626767392370622,0.0
3,108,0.0,0.0626767392370622,0.0
5,0,0.0,0.10902483852414206,0.0
5,1,0.0,0.10902483852414206,0.0
5,2,0.0,0.10902483852414206,0.0
5,3,0.04450493403896593,0.10902483852414206,0.40820912593336167
5,4,0.0,0.10902483852414206,0.0
5,5,0.0,0.10902483852414206,0.0
5,6,0.0,0.10902483852414206,0.0
5,7,0.0,0.10902483852414206,0.0
5,8,0.0050614810405907205,0.10902483852414206,0.04642502671049519
5,9,0.0,0.10902483852414206,0.0
5,10,0.0,0.10902483852414206,0.0
5,11,0.0045804417110628555,0.10902483852414206,0.042012827288421796
5,12,0.0002809387587056044,0.10902483852414206,0.002576832605382803
5,13,0.0015109337821163885,0.10902483852414206,0.013858619765640037
5,14,0.02103187644230708,0.10902483852414206,0.19290903547314
5,15,0.0037179381984316917,0.10902483852414206,0.03410175377245255
5,16,0.00211608964714468,0.10902483852414206,0.019409243579627967
5,17,0.0013491331785187475,0.10902483852414206,0.012374548743037124
5,18,0.0007957234060313841,0.10902483852414206,0.007298551566808164
5,19,0.02144905763584642,0.10902483852414206,0.19673551390857433
5,20,0.0004832495882206955,0.10902483852414206,0.004432472405026186
5,21,0.00041349632842881427,0.10902483852414206,0.003792680035359568
5,22,0.0003460952154695065,0.10902483852414206,0.003174462078133401
5,23,0.00034022261806662544,0.10902483852414206,0.003120597312247225
5,24,0.0002642915657630592,0.10902483852414206,0.002424140859466033
5,25,0.0001530438265055498,0.10902483852414206,0.0014037519209135112
5,26,0.0001550980566081449,0.10902483852414206,0.0014225937750304537
5,27,0.00010208071411276675,0.10902483852414206,0.0009363069507336382
5,28,0.0000814309581072685,0.10902483852414206,0.0007469028086589344
5,29,0.00005579825818793559,0.10902483852414206,0.0005117939998194065
5,30,0.000048633089252127295,0.10902483852414206,0.00044607348114859315
5,31,0.00003901950533239088,0.10902483852414206,0.00035789555720140367
5,32,0.0000285945937732193,0.10902483852414206,0.00026227595619770095
5,33,0.00002420785022994741,0.10902483852414206,0.00022203977146535202
5,34,0.000019507627837285692,0.10902483852414206,0.00017892828919866728
5,35,0.000015095680821538498,0.10902483852414206,0.00013846093262679556
5,36,0.000012009634230449427,0.10902483852414206,0.00011015502882666556
5,37,9.124887628286334e-6,0.10902483852414206,0.00008369549317209721
5,38,7.542490629250237e-6,0.10902483852414206,0.00006918139693075588
5,39,5.7467738735729316e-6,0.10902483852414206,0.00005271068456845627
5,40,4.691340532004678e-6,0.10902483852414206,0.00004303001587079484
5,41,3.676636029709629e-6,0.10902483852414206,0.00003372292112036
5,42,2.8645650245982977e-6,0.10902483852414206,0.000026274425748990942
5,43,2.3014213385943353e-6,0.10902483852414206,0.000021109146959063985
5,44,1.8127838174032083e-6,0.10902483852414206,0.00001662725523782172
5,45,1.4329486286200962e-6,0.10902483852414206,0.000013143322641131811
5,46,1.1215607457491697e-6,0.10902483852414206,0.000010287203915471202
5,47,8.942284239658807e-7,0.10902483852414206,8.2020614391267e-6
5,48,7.018209665189908e-7,0.10902483852414206,6.437257564601503e-6
5,49,5.493992466902543e-7,0.10902483852414206,5.03921174410726e-6
5,50,4.364652948178954e-7,0.10902483852414206,4.003356489459474e-6
5,51,3.4185198442811375e-7,0.10902483852414206,3.1355422218985017e-6
5,52,2.688175975798649e-7,0.10902483852414206,2.4656546271365394e-6
5,53,2.1131071235222808e-7,0.10902483852414206,1.9381887211457434e-6
5,54,1.6247536607691775e-7,0.10902483852414206,1.4902600937211185e-6
5,55,1.2592929600064285e-7,0.10902483852414206,1.1550514332819445e-6
5,56,9.667664342604422e-8,0.10902483852414206,8.867396158044894e-7
5,57,7.442369152788108e-8,0.10902483852414206,6.826306054230108e-7
5,58,5.726582465309284e-8,0.10902483852414206,5.25254844935286e-7
5,59,4.417848866991787e-8,0.10902483852414206,4.0521489660482413e-7
5,60,3.41196722212001e-8,0.10902483852414206,3.129532011519078e-7
5,61,2.5458282323748188e-8,0.10902483852414206,2.3350901196804615e-7
5,62,1.9725419207134867e-8,0.10902483852414206,1.8092591994774605e-7
5,63,1.5348213037022405e-8,0.10902483852414206,1.407772141173477e-7
5,64,1.0851969428076226e-8,0.10902483852414206,9.95366704961751e-8
5,65,8.738927121757765e-9,0.10902483852414206,8.015537780248718e-8
5,66,6.4328659885434475e-9,0.10902483852414206,5.900367361809004e-8
5,67,4.624215952411148e-9,0.10902483852414206,4.241433433893303e-8
5,68,3.3170363509762713e-9,0.10902483852414206,3.042459310996144e-8
5,69,2.6732098146922043e-9,0.10902483852414206,2.4519273322292136e-8
5,70,1.77424159102183e-9,0.10902483852414206,1.6273737389016616e-8
5,71,1.121134337265736e-9,0.10902483852414206,1.0283292802286298e-8
5,72,6.776727650702453e-10,0.10902483852414206,6.215764904987077e-9
5,73,4.58828561495819e-10,0.10902483852414206,4.208477331468073e-9
5,74,0.0,0.10902483852414206,0.0
5,75,0.0,0.10902483852414206,0.0
5,76,0.0,0.10902483852414206,0.0
5,77,0.0,0.10902483852414206,0.0
5,78,0.0,0.10902483852414206,0.0
5,79,0.0,0.10902483852414206,0.0
5,80,0.0,0.10902483852414206,0.0
5,81,0.0,0.10902483852414206,0.0
5,82,0.0,0.10902483852414206,0.0
5,83,0.0,0.10902483852414206,0.0
5,84,0.0,0.10902483852414206,0.0
5,85,0.0,0.10902483852414206,0.0
5,86,0.0,0.10902483852414206,0.0
5,87,0.0,0.10902483852414206,0.0
5,88,0.0,0.10902483852414206,0.0
5,89,0.0,0.10902483852414206,0.0
5,90,0.0,0.10902483852414206,0.0
5,91,0.0,0.10902483852414206,0.0
5,92,0.0,0.10902483852414206,0.0
5,93,0.0,0.10902483852414206,0.0
5,94,0.0,0.10902483852414206,0.0
5,95,0.0,0.10902483852414206,0.0
5,96,0.0,0.10902483852414206,0.0
5,97,0.0,0.10902483852414206,0.0
5,98,0.0,0.10902483852414206,0.0
5,99,0.0,0.10902483852414206,0.0
5,100,0.0,0.10902483852414206,0.0
5,101,0.0,0.10902483852414206,0.0
5,102,0.0,0.10902483852414206,0.0
5,103,0.0,0.10902483852414206,0.0
5,104,0.0,0.10902483852414206,0.0
5,105,0.0,0.10902483852414206,0.0
5,106,0.0,0.10902483852414206,0.0
5,107,0.0,0.10902483852414206,0.0
5,108,0.0,0.10902483852414206,0.0
7,0,0.0,0.062253965047062945,0.0
7,1,0.0,0.062253965047062945,0.0
7,2,0.0,0.062253965047062945,0.0
7,3,0.0,0.062253965047062945,0.0
7,4,0.0057024710657350396,0.062253965047062945,0.09160012637627286
7,5,0.0,0.062253965047062945,0.0
7,6,0.0,0.062253965047062945,0.0
7,7,0.0,0.062253965047062945,0.0
7,8,0.0,0.062253965047062945,0.0
7,9,0.0,0.062253965047062945,0.0
7,10,0.0071041803192805125,0.062253965047062945,0.11411610993628875
7,11,0.011492957005680144,0.062253965047062945,0.18461405626118213
7,12,0.014045400183807632,0.062253965047062945,0.2256145479760132
7,13,0.014367268392101984,0.062253965047062945,0.2307847922817538
7,14,0.0010989327263831053,0.062253965047062945,0.01765241339330484
7,15,0.001969826217870669,0.062253965047062945,0.03164177922452833
7,16,0.0010540428767766782,0.062253965047062945,0.01693133724060531
7,17,0.0012923953358200933,0.062253965047062945,0.02076004853414661
7,18,0.0005370281571969872,0.062253965047062945,0.008626408884815659
7,19,0.0006021026061602059,0.062253965047062945,0.009671714977592616
7,20,0.0004993952115575932,0.062253965047062945,0.008021902077724028
7,21,0.000675719722721114,0.062253965047062945,0.010854243937880604
7,22,0.00047600912199646236,0.062253965047062945,0.007646245851755908
7,23,0.00032712700345370366,0.062253965047062945,0.0052547175622693456
7,24,0.0002060057585327259,0.062253965047062945,0.0033091186782558996
7,25,0.00020615141017493437,0.062253965047062945,0.003311458314648511
7,26,0.00012745630692281368,0.062253965047062945,0.0020473604665415105
7,27,0.00009629537063543245,0.062253965047062945,0.0015468150592919628
7,28,0.00008252790411598907,0.062253965047062945,0.0013256650247674886
7,29,0.00006085523963792517,0.062253965047062945,0.0009775319466305422
7,30,0.00004881826664438612,0.062253965047062945,0.0007841792343263653
7,31,0.00003649280241184399,0.062253965047062945,0.0005861924197801063
7,32,0.0000313060578798917,0.062253965047062945,0.0005028765293298964
7,33,0.000023512319009526577,0.062253965047062945,0.0003776838791192121
7,34,0.000019048312001696076,0.062253965047062945,0.00030597749054692136
7,35,0.000014330751469090325,0.062253965047062945,0.00023019821240713776
7,36,0.000011489839352253804,0.062253965047062945,0.0001845639766650635
7,37,9.598523033817117e-6,0.062253965047062945,0.00015418332031639744
7,38,7.3909619408815974e-6,0.062253965047062945,0.00011872275019421101
7,39,5.867796120118616e-6,0.062253965047062945,0.00009425578138971007
7,40,4.664272787757257e-6,0.062253965047062945,0.0000749233046317796
7,41,3.650489184756567e-6,0.062253965047062945,0.00005863866152134822
7,42,2.882091348744712e-6,0.062253965047062945,0.00004629570737487804
7,43,2.2924641341212335e-6,0.062253965047062945,0.00003682438752918259
7,44,1.8114979012458505e-6,0.062253965047062945,0.000029098514446049963
7,45,1.4300792051900142e-6,0.062253965047062945,0.000022971696728214795
7,46,1.125718191050207e-6,0.062253965047062945,0.00001808267457661826
7,47,8.913409351420909e-7,0.062253965047062945,0.000014317817900727323
7,48,7.069634341786596e-7,0.062253965047062945,0.000011356118982047282
7,49,5.531921482698794e-7,0.062253965047062945,8.886054853721774e-6
7,50,4.365000022355245e-7,0.062253965047062945,7.011601620965634e-6
7,51,3.408350378816443e-7,0.062253965047062945,5.474912925208519e-6
7,52,2.676892856296137e-7,0.062253965047062945,4.299955600052866e-6
7,53,2.1228705800245785e-7,0.062253965047062945,3.4100166606572356e-6
7,54,1.6331300145275905e-7,0.062253965047062945,2.6233349366469617e-6
7,55,1.2524737545898375e-7,0.062253965047062945,2.011877883831156e-6
7,56,9.669184026569254e-8,0.062253965047062945,1.5531836436859104e-6
7,57,7.485054778465858e-8,0.062253965047062945,1.2023418544999154e-6
7,58,5.7370554551178965e-8,0.062253965047062945,9.21556635112443e-7
7,59,4.409766267414488e-8,0.062253965047062945,7.083510687360684e-7
7,60,3.393095260631239e-8,0.062253965047062945,5.450408272093378e-7
7,61,2.6435180201846247e-8,0.062253965047062945,4.246344820263528e-7
7,62,1.9864154487444728e-8,0.062253965047062945,3.19082559198081e-7
7,63,1.4789145536377821e-8,0.062253965047062945,2.3756150351543836e-7
7,64,1.1391830049491739e-8,0.062253965047062945,1.82989630313181e-7
7,65,8.1823260422923e-9,0.062253965047062945,1.3143461683294551e-7
7,66,6.1934235049477426e-9,0.062253965047062945,9.948641022729426e-8
7,67,4.70262560628545e-9,0.062253965047062945,7.553937492544201e-8
7,68,3.030239974025262e-9,0.062253965047062945,4.8675453390550335e-8
7,69,2.4664541299336765e-9,0.062253965047062945,3.9619229523277416e-8
7,70,1.4553746224558798e-9,0.062253965047062945,2.3378022931642046e-8
7,71,1.2250407754743186e-9,0.062253965047062945,1.9678116478977822e-8
7,72,8.222537686688384e-10,0.062253965047062945,1.3208054588125085e-8
7,73,0.0,0.062253965047062945,0.0
7,74,0.0,0.062253965047062945,0.0
7,75,0.0,0.062253965047062945,0.0
7,76,0.0,0.062253965047062945,0.0
7,77,0.0,0.062253965047062945,0.0
7,78,0.0,0.062253965047062945,0.0
7,79,0.0,0.062253965047062945,0.0
7,80,0.0,0.062253965047062945,0.0
7,81,0.0,0.062253965047062945,0.0
7,82,0.0,0.062253965047062945,0.0
7,83,0.0,0.062253965047062945,0.0
7,84,0.0,0.062253965047062945,0.0
7,85,0.0,0.062253965047062945,0.0
7,86,0.0,0.062253965047062945,0.0
7,87,0.0,0.062253965047062945,0.0
7,88,0.0,0.062253965047062945,0.0
7,89,0.0,0.062253965047062945,0.0
7,90,0.0,0.062253965047062945,0.0
7,91,0.0,0.062253965047062945,0.0
7,92,0.0,0.062253965047062945,0.0
7,93,0.0,0.062253965047062945,0.0
7,94,0.0,0.062253965047062945,0.0
7,95,0.0,0.062253965047062945,0.0
7,96,0.0,0.062253965047062945,0.0
7,97,0.0,0.062253965047062945,0.0
7,98,0.0,0.062253965047062945,0.0
7,99,0.0,0.062253965047062945,0.0
7,100,0.0,0.062253965047062945,0.0
7,101,0.0,0.062253965047062945,0.0
7,102,0.0,0.062253965047062945,0.0
7,103,0.0,0.062253965047062945,0.0
7,104,0.0,0.062253965047062945,0.0
7,105,0.0,0.062253965047062945,0.0
7,106,0.0,0.062253965047062945,0.0
7,107,0.0,0.062253965047062945,0.0
7,108,0.0,0.062253965047062945,0.0
9,0,0.0,0.05473197662400528,0.0
9,1,0.0,0.05473197662400528,0.0
9,2,0.0,0.05473197662400528,0.0
9,3,0.0,0.05473197662400528,0.0
9,4,0.0,0.05473197662400528,0.0
9,5,0.0,0.05473197662400528,0.0
9,6,0.0,0.05473197662400528,0.0
9,7,0.0,0.05473197662400528,0.0
9,8,0.0,0.05473197662400528,0.0
9,9,0.0019960960642638405,0.05473197662400528,0.03647038143673325
9,10,0.0015335500410093902,0.05473197662400528,0.028019270189061283
9,11,0.0,0.05473197662400528,0.0
9,12,0.011645567246003604,0.05473197662400528,0.2127744686804513
9,13,0.013403838627016374,0.05473197662400528,0.24489958985215035
9,14,0.019233324742965466,0.05473197662400528,0.3514092844680817
9,15,0.0003830967872973819,0.05473197662400528,0.006999505790356506
9,16,0.0011417222985970045,0.05473197662400528,0.02086024238518454
9,17,0.001366979688802789,0.05473197662400528,0.024975887463257372
9,18,0.0006376618477251165,0.05473197662400528,0.011650627056751317
9,19,0.0008891954104510289,0.05473197662400528,0.016246360268688535
9,20,0.0003583577706215848,0.05473197662400528,0.006547502807790248
9,21,0.00031351403198827627,0.05473197662400528,0.005728169368741014
9,22,0.00042719471672970016,0.05473197662400528,0.007805212657756158
9,23,0.0002411966389657998,0.05473197662400528,0.004406868778424708
9,24,0.00034552086591957767,0.05473197662400528,0.006312961585385777
9,25,0.000198517066545115,0.05473197662400528,0.003627076506095817
9,26,0.0001425378109084369,0.05473197662400528,0.0026042876523103727
9,27,0.00010683445944470909,0.05473197662400528,0.0019519569004173662
9,28,0.00007334209317388697,0.05473197662400528,0.0013400227380371888
9,29,0.00005639941172516165,0.05473197662400528,0.001030465464688243
9,30,0.00005502427916007753,0.05473197662400528,0.0010053406172059213
9,31,0.000038021507882280144,0.05473197662400528,0.0006946854513126432
9,32,0.000029752489300448146,0.05473197662400528,0.0005436034131352529
9,33,0.000024725317291046154,0.05473197662400528,0.000451752683096077
9,34,0.00001913345418547385,0.05473197662400528,0.0003495845640093688
9,35,0.000014579365616497324,0.05473197662400528,0.0002663774728373844
9,36,0.000011898181371380973,0.05473197662400528,0.00021738994469573872
9,37,9.044179882460747e-6,0.05473197662400528,0.00016524489777871456
9,38,7.323362912173241e-6,0.05473197662400528,0.00013380410070849217
9,39,6.036850380920986e-6,0.05473197662400528,0.0001102984170002229
9,40,4.6964848976969e-6,0.05473197662400528,0.00008580879382377424
9,41,3.6283163851978615e-6,0.05473197662400528,0.00006629244198731337
9,42,2.903898442110175e-6,0.05473197662400528,0.00005305670690571285
9,43,2.2835436293254487e-6,0.05473197662400528,0.00004172229417206711
9,44,1.8167348081841729e-6,0.05473197662400528,0.00003319329796299296
9,45,1.4305978044702458e-6,0.05473197662400528,0.000026138244819807767
9,46,1.1293939982414535e-6,0.05473197662400528,0.00002063499379896513
9,47,8.911664607357962e-7,0.05473197662400528,0.00001628237304232373
9,48,7.038831411172523e-7,0.05473197662400528,0.000012860546695631879
9,49,5.535583452328368e-7,0.05473197662400528,0.000010113984171184635
9,50,4.350832548277073e-7,0.05473197662400528,7.949342992244156e-6
9,51,3.4345410501306345e-7,0.05473197662400528,6.275200096874001e-6
9,52,2.680930104455548e-7,0.05473197662400528,4.8982884774523205e-6
9,53,2.1212531625840816e-7,0.05473197662400528,3.875710861233005e-6
9,54,1.619384278094038e-7,0.05473197662400528,2.958753507513158e-6
9,55,1.2529842367003285e-7,0.05473197662400528,2.289309310548038e-6
9,56,9.63615338353316e-8,0.05473197662400528,1.7606075968589763e-6
9,57,7.409136407513331e-8,0.05473197662400528,1.3537125579096492e-6
9,58,5.7336663348973625e-8,0.05473197662400528,1.0475898530554064e-6
9,59,4.430515558306903e-8,0.05473197662400528,8.094930663190579e-7
9,60,3.3421813286229516e-8,0.05473197662400528,6.106450990401617e-7
9,61,2.6111104604672e-8,0.05473197662400528,4.770722019423605e-7
9,62,2.0070651662055658e-8,0.05473197662400528,3.6670796306034983e-7
9,63,1.4866958723079868e-8,0.05473197662400528,2.7163204474072047e-7
9,64,1.1581863229239164e-8,0.05473197662400528,2.1161054183742733e-7
9,65,8.09780185493923e-9,0.05473197662400528,1.4795376221416348e-7
9,66,6.234624528682988e-9,0.05473197662400528,1.1391191974507459e-7
9,67,4.415458642418941e-9,0.05473197662400528,8.06742039073797e-8
9,68,3.4456499278514487e-9,0.05473197662400528,6.29549696610116e-8
9,69,2.3340496921381393e-9,0.05473197662400528,4.264508311425449e-8
9,70,1.4961839560658539e-9,0.05473197662400528,2.7336559875121195e-8
9,71,1.1350518532493428e-9,0.05473197662400528,2.0738367646519686e-8
9,72,7.376726741355675e-10,0.05473197662400528,1.3477910348518758e-8
9,73,4.018164643498582e-10,0.05473197662400528,7.341530292432792e-9
9,74,0.0,0.05473197662400528,0.0
9,75,0.0,0.05473197662400528,0.0
9,76,0.0,0.05473197662400528,0.0
9,77,0.0,0.05473197662400528,0.0
9,78,0.0,0.05473197662400528,0.0
9,79,0.0,0.05473197662400528,0.0
9,80,0.0,0.05473197662400528,0.0
9,81,0.0,0.05473197662400528,0.0
9,82,0.0,0.05473197662400528,0.0
9,83,0.0,0.05473197662400528,0.0
9,84,0.0,0.05473197662400528,0.0
9,85,0.0,0.05473197662400528,0.0
9,86,0.0,0.05473197662400528,0.0
9,87,0.0,0.05473197662400528,0.0
9,88,0.0,0.05473197662400528,0.0
9,89,0.0,0.05473197662400528,0.0
9,90,0.0,0.05473197662400528,0.0
9,91,0.0,0.05473197662400528,0.0
9,92,0.0,0.05473197662400528,0.0
9,93,0.0,0.05473197662400528,0.0
9,94,0.0,0.05473197662400528,0.0
9,95,0.0,0.05473197662400528,0.0
9,96,0.0,0.05473197662400528,0.0
9,97,0.0,0.05473197662400528,0.0
9,98,0.0,0.05473197662400528,0.0
9,99,0.0,0.05473197662400528,0.0
9,100,0.0,0.05473197662400528,0.0
9,101,0.0,0.05473197662400528,0.0
9,102,0.0,0.05473197662400528,0.0
9,103,0.0,0.05473197662400528,0.0
9,104,0.0,0.05473197662400528,0.0
9,105,0.0,0.05473197662400528,0.0
9,106,0.0,0.05473197662400528,0.0
9,107,0.0,0.05473197662400528,0.0
9,108,0.0,0.05473197662400528,0.0
11,0,0.0,0.05047332920564357,0.0
11,1,0.0,0.05047332920564357,0.0
11,2,0.0,0.05047332920564357,0.0
11,3,0.0,0.05047332920564357,0.0
11,4,0.0,0.05047332920564357,0.0
11,5,0.014445938049104504,0.05047332920564357,0.2862093362268099
11,6,0.0,0.05047332920564357,0.0
11,7,0.0,0.05047332920564357,0.0
11,8,0.0,0.05047332920564357,0.0
11,9,0.0019853399167875855,0.05047332920564357,0.03933443559268127
11,10,0.0,0.05047332920564357,0.0
11,11,0.007544334333853864,0.05047332920564357,0.14947170025412768
11,12,0.0002464502231846731,0.05047332920564357,0.004882781204714287
11,13,0.0010129417219744594,0.05047332920564357,0.020068850973697996
11,14,0.01632891263377278,0.05047332920564357,0.32351566442633223
11,15,0.0008889304062999555,0.05047332920564357,0.017611883747120877
11,16,0.0018133718466637552,0.05047332920564357,0.03592732786211766
11,17,0.0018148529383067076,0.05047332920564357,0.03595667190710661
11,18,0.0010501457383939,0.05047332920564357,0.020805953459406046
11,19,0.0005934916706684514,0.05047332920564357,0.011758520391044294
11,20,0.00046929440733665083,0.05047332920564357,0.00929786908695093
11,21,0.0003533184134990692,0.05047332920564357,0.007000101222955661
11,22,0.0005758690842983441,0.05047332920564357,0.01140937388837736
11,23,0.00025974074199903004,0.05047332920564357,0.005146098862247979
11,24,0.0002854867720671403,0.05047332920564357,0.0056561906369199675
11,25,0.00015144537922798143,0.05047332920564357,0.0030005030698677963
11,26,0.00017085918743887406,0.05047332920564357,0.00338513805464946
11,27,0.00011766156132813518,0.05047332920564357,0.002331163075230217
11,28,0.0000779585589603596,0.05047332920564357,0.0015445495707789138
11,29,0.000058858701476599414,0.05047332920564357,0.0011661347171451938
11,30,0.00004645207292597162,0.05047332920564357,0.0009203290858170235
11,31,0.000038529104835939934,0.05047332920564357,0.0007633557255349798
11,32,0.000029035548387908616,0.05047332920564357,0.0005752651716237903
11,33,0.000024783596717759192,0.05047332920564357,0.0004910236179742245
11,34,0.000018365689255381368,0.05047332920564357,0.0003638691868442838
11,35,0.000014996231305224733,0.05047332920564357,0.00029711199045590124
11,36,0.000011519802411872776,0.05047332920564357,0.00022823543826359512
11,37,9.174628764587575e-6,0.05047332920564357,0.00018177181709586404
11,38,7.3774744507615906e-6,0.05047332920564357,0.00014616579819222019
11,39,5.8448954852523084e-6,0.05047332920564357,0.00011580166351695251
11,40,4.674034648179061e-6,0.05047332920564357,0.00009260404894505044
11,41,3.704229286811394e-6,0.05047332920564357,0.00007338983469307614
11,42,2.895899583433049e-6,0.05047332920564357,0.000057374847845567716
11,43,2.2833001192724777e-6,0.05047332920564357,0.00004523775536916981
11,44,1.82404902559086e-6,0.05047332920564357,0.00003613886886991611
11,45,1.4270760851422791e-6,0.05047332920564357,0.000028273864783674973
11,46,1.1351587612634253e-6,0.05047332920564357,0.000022490269200164032
11,47,8.888764460954929e-7,0.05047332920564357,0.000017610814663600694
11,48,7.030187289004999e-7,0.05047332920564357,0.000013928519080566087
11,49,5.578756296634249e-7,0.05047332920564357,0.000011052879579044038
11,50,4.3488123142248585e-7,0.05047332920564357,8.616059972003204e-6
11,51,3.4209443147081045e-7,0.05047332920564357,6.77772670942736e-6
11,52,2.6753552523044235e-7,0.05047332920564357,5.300532567218261e-6
11,53,2.122620243846201e-7,0.05047332920564357,4.205429436203833e-6
11,54,1.6399719979701607e-7,0.05047332920564357,3.249185309905792e-6
11,55,1.2584086146316934e-7,0.05047332920564357,2.493214999756717e-6
11,56,9.632982401972364e-8,0.05047332920564357,1.9085292279264337e-6
11,57,7.44213204150555e-8,0.05047332920564357,1.4744682307727433e-6
11,58,5.7367833602578634e-8,0.05047332920564357,1.1365969811272955e-6
11,59,4.418025750475898e-8,0.05047332920564357,8.753188703831142e-7
11,60,3.3492760345590095e-8,0.05047332920564357,6.635734331914284e-7
11,61,2.62489661964985e-8,0.05047332920564357,5.200561684677524e-7
11,62,2.0210133229239693e-8,0.05047332920564357,4.004121294812457e-7
11,63,1.5100513140786432e-8,0.05047332920564357,2.991780684658701e-7
11,64,1.1446718280676994e-8,0.05047332920564357,2.2678746301912464e-7
11,65,8.732130441224773e-9,0.05047332920564357,1.7300484391761516e-7
11,66,6.13040716695608e-9,0.05047332920564357,1.2145834767464916e-7
11,67,4.4681262248158655e-9,0.05047332920564357,8.8524499872227e-8
11,68,3.461530636341162e-9,0.05047332920564357,6.858138131205576e-8
11,69,2.18746110743492e-9,0.05047332920564357,4.333895033003556e-8
11,70,1.7415065563897685e-9,0.05047332920564357,3.4503500834952764e-8
11,71,1.0368354863486631e-9,0.05047332920564357,2.0542244838343883e-8
11,72,7.453739261069043e-10,0.05047332920564357,1.4767679046294452e-8
11,73,4.431736807327845e-10,0.05047332920564357,8.780353658209492e-9
11,74,0.0,0.05047332920564357,0.0
11,75,0.0,0.05047332920564357,0.0
11,76,0.0,0.05047332920564357,0.0
11,77,0.0,0.05047332920564357,0.0
11,78,0.0,0.05047332920564357,0.0
11,79,0.0,0.05047332920564357,0.0
11,80,0.0,0.05047332920564357,0.0
11,81,0.0,0.05047332920564357,0.0
11,82,0.0,0.05047332920564357,0.0
11,83,0.0,0.05047332920564357,0.0
11,84,0.0,0.05047332920564357,0.0
11,85,0.0,0.05047332920564357,0.0
11,86,0.0,0.05047332920564357,0.0
11,87,0.0,0.05047332920564357,0.0
11,88,0.0,0.05047332920564357,0.0
11,89,0.0,0.05047332920564357,0.0
11,90,0.0,0.05047332920564357,0.0
11,91,0.0,0.05047332920564357,0.0
11,92,0.0,0.05047332920564357,0.0
11,93,0.0,0.05047332920564357,0.0
11,94,0.0,0.05047332920564357,0.0
11,95,0.0,0.05047332920564357,0.0
11,96,0.0,0.05047332920564357,0.0
11,97,0.0,0.05047332920564357,0.0
11,98,0.0,0.05047332920564357,0.0
11,99,0.0,0.05047332920564357,0.0
11,100,0.0,0.05047332920564357,0.0
11,101,0.0,0.05047332920564357,0.0
11,102,0.0,0.05047332920564357,0.0
11,103,0.0,0.05047332920564357,0.0
11,104,0.0,0.05047332920564357,0.0
11,105,0.0,0.05047332920564357,0.0
11,106,0.0,0.05047332920564357,0.0
11,107,0.0,0.05047332920564357,0.0
11,108,0.0,0.05047332920564357,0.0
13,0,0.0,0.03413015902747531,0.0
13,1,0.0,0.03413015902747531,0.0
13,2,0.0,0.03413015902747531,0.0
13,3,0.0,0.03413015902747531,0.0
13,4,0.0,0.03413015902747531,0.0
13,5,0.0,0.03413015902747531,0.0
13,6,0.016639083193255622,0.03413015902747531,0.48751847830128486
13,7,0.0,0.03413015902747531,0.0
13,8,0.0,0.03413015902747531,0.0
13,9,0.0,0.03413015902747531,0.0
13,10,0.0012177383988375636,0.03413015902747531,0.03567924772507697
13,11,0.0016817899266109088,0.03413015902747531,0.04927577176704749
13,12,0.0013887204620333978,0.03413015902747531,0.04068895374661033
13,13,0.0018973826507794039,0.03413015902747531,0.05559255230108894
13,14,0.000626430216100463,0.03413015902747531,0.018354154623076234
13,15,0.0023868008739640727,0.03413015902747531,0.06993231036640236
13,16,0.0010186971424621656,0.03413015902747531,0.029847418573177423
13,17,0.0015504249121616482,0.03413015902747531,0.04542682941833152
13,18,0.0009815827995199623,0.03413015902747531,0.028759983178800103
13,19,0.0021855562507298873,0.03413015902747531,0.0640359234473675
13,20,0.0004369976994469405,0.03413015902747531,0.012803857699436752
13,21,0.0005313199649715029,0.03413015902747531,0.015567462329835092
13,22,0.0002996339725985013,0.03413015902747531,0.008779155478217705
13,23,0.0002254866555244296,0.03413015902747531,0.00660666876304061
13,24,0.00022634431258067907,0.03413015902747531,0.006631797771538902
13,25,0.00018535208417831998,0.03413015902747531,0.005430741885178697
13,26,0.00013837526474459722,0.03413015902747531,0.004054339876740773
13,27,0.00013497840982445655,0.03413015902747531,0.003954813387063237
13,28,0.00008662532045043061,0.03413015902747531,0.002538087220182475
13,29,0.00005738549231110597,0.03413015902747531,0.0016813719580066932
13,30,0.00004736245121069318,0.03413015902747531,0.0013877008651663673
13,31,0.000041884734075461185,0.03413015902747531,0.001227205945385233
13,32,0.000029338854440299322,0.03413015902747531,0.000859616693162229
13,33,0.000025041269617283208,0.03413015902747531,0.0007336991778187906
13,34,0.00001844289335244784,0.03413015902747531,0.0005403693940482676
13,35,0.000014789587541985203,0.03413015902747531,0.00043332899592056853
13,36,0.000011917215721053323,0.03413015902747531,0.0003491696511422575
13,37,9.187964596038342e-6,0.03413015902747531,0.0002692036854748285
13,38,7.496372575498089e-6,0.03413015902747531,0.000219640716278626
13,39,5.9540769349719236e-6,0.03413015902747531,0.00017445207126573302
13,40,4.715030991005142e-6,0.03413015902747531,0.00013814852099603372
13,41,3.6606951540053003e-6,0.03413015902747531,0.00010725690293615051
13,42,2.877488444063033e-6,0.03413015902747531,0.00008430925978828901
13,43,2.306484458060505e-6,0.03413015902747531,0.00006757907152450562
13,44,1.8145851815142264e-6,0.03413015902747531,0.00005316661958865932
13,45,1.4288491747609154e-6,0.03413015902747531,0.00004186470896929222
13,46,1.1348625377475128e-6,0.03413015902747531,0.000033251018163552385
13,47,8.948885495605698e-7,0.03413015902747531,0.000026219876351591874
13,48,6.995417239371753e-7,0.03413015902747531,0.000020496292542148232
13,49,5.532896596040353e-7,0.03413015902747531,0.000016211165589900374
13,50,4.349245740434447e-7,0.03413015902747531,0.000012743115954816492
13,51,3.431339140407519e-7,0.03413015902747531,0.000010053686353014757
13,52,2.670411062872754e-7,0.03413015902747531,7.824197539551548e-6
13,53,2.1268298762573374e-7,0.03413015902747531,6.231526417867571e-6
13,54,1.6236550450654567e-7,0.03413015902747531,4.7572443004393544e-6
13,55,1.2523539780749078e-7,0.03413015902747531,3.669347034295221e-6
13,56,9.645458826157798e-8,0.03413015902747531,2.826080833198888e-6
13,57,7.478969544018402e-8,0.03413015902747531,2.1913081442127814e-6
13,58,5.7405575631206145e-8,0.03413015902747531,1.6819603912479214e-6
13,59,4.4289916552133524e-8,0.03413015902747531,1.2976768293543389e-6
13,60,3.382944742647815e-8,0.03413015902747531,9.91189270440988e-7
13,61,2.5710562690335456e-8,0.03413015902747531,7.53309196996066e-7
13,62,1.9968047369742308e-8,0.03413015902747531,5.850557963608585e-7
13,63,1.4405059404965742e-8,0.03413015902747531,4.22062475400992e-7
13,64,1.1295285315499166e-8,0.03413015902747531,3.3094733916728267e-7
13,65,8.468455929056514e-9,0.03413015902747531,2.481223694926026e-7
13,66,5.792543109290963e-9,0.03413015902747531,1.6971919482203044e-7
13,67,4.620112646338637e-9,0.03413015902747531,1.3536745148533807e-7
13,68,3.5571709034568907e-9,0.03413015902747531,1.0422368382735377e-7
13,69,2.2858137757601024e-9,0.03413015902747531,6.697342880588359e-8
13,70,1.5959165640721136e-9,0.03413015902747531,4.6759716612728816e-8
13,71,9.506592453936848e-10,0.03413015902747531,2.78539354190641e-8
13,72,7.402296817486096e-10,0.03413015902747531,2.168843342196892e-8
13,73,3.4588499845591983e-10,0.03413015902747531,1.013429202534559e-8
13,74,0.0,0.03413015902747531,0.0
13,75,0.0,0.03413015902747531,0.0
13,76,0.0,0.03413015902747531,0.0
13,77,0.0,0.03413015902747531,0.0
13,78,0.0,0.03413015902747531,0.0
13,79,0.0,0.03413015902747531,0.0
13,80,0.0,0.03413015902747531,0.0
13,81,0.0,0.03413015902747531,0.0
13,82,0.0,0.03413015902747531,0.0
13,83,0.0,0.03413015902747531,0.0
13,84,0.0,0.03413015902747531,0.0
13,85,0.0,0.03413015902747531,0.0
13,86,0.0,0.03413015902747531,0.0
13,87,0.0,0.03413015902747531,0.0
13,88,0.0,0.03413015902747531,0.0
13,89,0.0,0.03413015902747531,0.0
13,90,0.0,0.03413015902747531,0.0
13,91,0.0,0.03413015902747531,0.0
13,92,0.0,0.03413015902747531,0.0
13,93,0.0,0.03413015902747531,0.0
13,94,0.0,0.03413015902747531,0.0
13,95,0.0,0.03413015902747531,0.0
13,96,0.0,0.03413015902747531,0.0
13,97,0.0,0.03413015902747531,0.0
13,98,0.0,0.03413015902747531,0.0
13,99,0.0,0.03413015902747531,0.0
13,100,0.0,0.03413015902747531,0.0
13,101,0.0,0.03413015902747531,0.0
13,102,0.0,0.03413015902747531,0.0
13,103,0.0,0.03413015902747531,0.0
13,104,0.0,0.03413015902747531,0.0
13,105,0.0,0.03413015902747531,0.0
13,106,0.0,0.03413015902747531,0.0
13,107,0.0,0.03413015902747531,0.0
13,108,0.0,0.03413015902747531,0.0
15,0,0.0,0.07092653120360551,0.0
15,1,0.0,0.07092653120360551,0.0
15,2,0.0,0.07092653120360551,0.0
15,3,0.0,0.07092653120360551,0.0
15,4,0.0,0.07092653120360551,0.0
15,5,0.0,0.07092653120360551,0.0
15,6,0.0,0.07092653120360551,0.0
15,7,0.0,0.07092653120360551,0.0
15,8,0.0,0.07092653120360551,0.0
15,9,0.006531875728547038,0.07092653120360551,0.09209354549986781
15,10,0.00019977626083109983,0.07092653120360551,0.0028166647577563234
15,11,0.0,0.07092653120360551,0.0
15,12,0.015551734205224349,0.07092653120360551,0.21926539958059849
15,13,0.0026983542523746793,0.07092653120360551,0.038044356696771746
15,14,0.0017449343484700617,0.07092653120360551,0.024601997572120924
15,15,0.0010267887311353355,0.07092653120360551,0.014476793291748339
15,16,0.038170163972940756,0.07092653120360551,0.5381648210507777
15,17,0.0005571116154723991,0.07092653120360551,0.007854770366157122
15,18,0.0009231120175809263,0.07092653120360551,0.013015045314016436
15,19,0.0006190000544090625,0.07092653120360551,0.008727341432109906
15,20,0.0006797483119972766,0.07092653120360551,0.009583836971329595
15,21,0.0006154693040253225,0.07092653120360551,0.008677561042122915
15,22,0.0003311154147781664,0.07092653120360551,0.004668428148948222
15,23,0.00028312323184429325,0.07092653120360551,0.003991781735829495
15,24,0.00024424194690710467,0.07092653120360551,0.0034435907517593187
15,25,0.00016506592952754157,0.07092653120360551,0.0023272804510021004
15,26,0.00011714541320536516,0.07092653120360551,0.0016516444723495818
15,27,0.00010015866750939482,0.07092653120360551,0.0014121467074411686
15,28,0.0000801609873397805,0.07092653120360551,0.0011301974871669117
15,29,0.00005751076784048296,0.07092653120360551,0.0008108498592069794
15,30,0.000047495661376085536,0.07092653120360551,0.0006696459078161025
15,31,0.00003907859206082518,0.07092653120360551,0.0005509728362246291
15,32,0.00002979722518050168,0.07092653120360551,0.0004201139499542726
15,33,0.00002411705079777828,0.07092653120360551,0.0003400286238240889
15,34,0.000018061454379379322,0.07092653120360551,0.0002546501862262394
15,35,0.000014816946679001761,0.07092653120360551,0.0002089055594227136
15,36,0.00001201685611033808,0.07092653120360551,0.00016942681259628852
15,37,9.367384711400318e-6,0.07092653120360551,0.00013207165996190906
15,38,7.406849664018917e-6,0.07092653120360551,0.00010442988735423162
15,39,5.7848325838984735e-6,0.07092653120360551,0.00008156091219648431
15,40,4.7033190627109345e-6,0.07092653120360551,0.00006631254881490446
15,41,3.661777458432438e-6,0.07092653120360551,0.000051627753342691226
15,42,2.881981945952448e-6,0.07092653120360551,0.000040633341248273876
15,43,2.2872902555097953e-6,0.07092653120360551,0.000032248725782793145
15,44,1.8142739878334964e-6,0.07092653120360551,0.000025579623831106926
15,45,1.4211433607220016e-6,0.07092653120360551,0.00002003683722586674
15,46,1.1249668152283046e-6,0.07092653120360551,0.000015861015562694226
15,47,8.950832035665888e-7,0.07092653120360551,0.000012619864363549867
15,48,7.031594687685164e-7,0.07092653120360551,9.91391312723287e-6
15,49,5.554244095945748e-7,0.07092653120360551,7.830982287857046e-6
15,50,4.334374862035935e-7,0.07092653120360551,6.11107689673057e-6
15,51,3.4077619625566687e-7,0.07092653120360551,4.804636438195693e-6
15,52,2.6795587341974324e-7,0.07092653120360551,3.777935687430346e-6
15,53,2.1157753984938692e-7,0.07092653120360551,2.983052128152455e-6
15,54,1.627443240090707e-7,0.07092653120360551,2.294547911019194e-6
15,55,1.2502114518031345e-7,0.07092653120360551,1.7626851766008554e-6
15,56,9.685378533700895e-8,0.07092653120360551,1.365550855137343e-6
15,57,7.494600687774013e-8,0.07092653120360551,1.0566709749641653e-6
15,58,5.6958857146363804e-8,0.07092653120360551,8.03068417132295e-7
15,59,4.385820414354222e-8,0.07092653120360551,6.183610476824322e-7
15,60,3.3922495949102714e-8,0.07092653120360551,4.782765401528375e-7
15,61,2.6135519077868472e-8,0.07092653120360551,3.6848720266387266e-7
15,62,1.9816925822700924e-8,0.07092653120360551,2.794007473143356e-7
15,63,1.4943170743435525e-8,0.07092653120360551,2.1068520467381744e-7
15,64,1.0840590008731288e-8,0.07092653120360551,1.5284252345024047e-7
15,65,8.309205858572584e-9,0.07092653120360551,1.1715229431874698e-7
15,66,6.309449079846724e-9,0.07092653120360551,8.895753074028788e-8
15,67,4.662944462327901e-9,0.07092653120360551,6.574330343242364e-8
15,68,3.3314114239957955e-9,0.07092653120360551,4.696989077941042e-8
15,69,2.2233034698239345e-9,0.07092653120360551,3.13465699237652e-8
15,70,1.6826533512477418e-9,0.07092653120360551,2.3723891789060242e-8
15,71,1.3196863729747094e-9,0.07092653120360551,1.8606385376247246e-8
15,72,7.265720021140618e-10,0.07092653120360551,1.0244008691589967e-8
15,73,4.1478746611818467e-10,0.07092653120360551,5.84812846588357e-9
15,74,0.0,0.07092653120360551,0.0
15,75,0.0,0.07092653120360551,0.0
15,76,0.0,0.07092653120360551,0.0
15,77,0.0,0.07092653120360551,0.0
15,78,0.0,0.07092653120360551,0.0
15,79,0.0,0.07092653120360551,0.0
15,80,0.0,0.07092653120360551,0.0
15,81,0.0,0.07092653120360551,0.0
15,82,0.0,0.07092653120360551,0.0
15,83,0.0,0.07092653120360551,0.0
15,84,0.0,0.07092653120360551,0.0
15,85,0.0,0.07092653120360551,0.0
15,86,0.0,0.07092653120360551,0.0
15,87,0.0,0.07092653120360551,0.0
15,88,0.0,0.07092653120360551,0.0
15,89,0.0,0.07092653120360551,0.0
15,90,0.0,0.07092653120360551,0.0
15,91,0.0,0.07092653120360551,0.0
15,92,0.0,0.07092653120360551,0.0
15,93,0.0,0.07092653120360551,0.0
15,94,0.0,0.07092653120360551,0.0
15,95,0.0,0.07092653120360551,0.0
15,96,0.0,0.07092653120360551,0.0
15,97,0.0,0.07092653120360551,0.0
15,98,0.0,0.07092653120360551,0.0
15,99,0.0,0.07092653120360551,0.0
15,100,0.0,0.07092653120360551,0.0
15,101,0.0,0.07092653120360551,0.0
15,102,0.0,0.07092653120360551,0.0
15,103,0.0,0.07092653120360551,0.0
15,104,0.0,0.07092653120360551,0.0
15,105,0.0,0.07092653120360551,0.0
15,106,0.0,0.07092653120360551,0.0
15,107,0.0,0.07092653120360551,0.0
15,108,0.0,0.07092653120360551,0.0
17,0,0.0,0.06766514495482626,0.0
17,1,0.0,0.06766514495482626,0.0
17,2,0.0,0.06766514495482626,0.0
17,3,0.0,0.06766514495482626,0.0
17,4,0.0,0.06766514495482626,0.0
17,5,0.0,0.06766514495482626,0.0
17,6,0.0155569804099703,0.06766514495482626,0.22991128475903294
17,7,0.0,0.06766514495482626,0.0
17,8,0.0,0.06766514495482626,0.0
17,9,0.003821185254551235,0.06766514495482626,0.056471988009517846
17,10,0.0,0.06766514495482626,0.0
17,11,0.0003908508096358849,0.06766514495482626,0.005776250237797018
17,12,0.0011856555604630656,0.06766514495482626,0.01752239740644342
17,13,0.0011930121466667914,0.06766514495482626,0.01763111787410276
17,14,0.022331302704512106,0.06766514495482626,0.33002667354692944
17,15,0.014777486900105729,0.06766514495482626,0.21839141717602595
17,16,0.001431382497685269,0.06766514495482626,0.02115391164300129
17,17,0.002299564583038811,0.06766514495482626,0.03398447730473373
17,18,0.0012760315865565708,0.06766514495482626,0.018858033739652207
17,19,0.0006219639585234866,0.06766514495482626,0.009191792302206908
17,20,0.0005665791871494915,0.06766514495482626,0.008373279736971582
17,21,0.00035145401722326455,0.06766514495482626,0.005194018537282345
17,22,0.00042785742858285016,0.06766514495482626,0.0063231583833669594
17,23,0.0003494671760126357,0.06766514495482626,0.005164655691581575
17,24,0.00021980057166359347,0.06766514495482626,0.0032483573605041997
17,25,0.00022676457587429377,0.06766514495482626,0.003351275993359409
17,26,0.00013494498823643814,0.06766514495482626,0.0019943057585486354
17,27,0.00012153098639784071,0.06766514495482626,0.001796064820063205
17,28,0.00009263845585371777,0.06766514495482626,0.0013690720076867326
17,29,0.00006143445752712202,0.06766514495482626,0.0009079188046982846
17,30,0.00004697798149157511,0.06766514495482626,0.0006942714971339817
17,31,0.00003656840146096578,0.06766514495482626,0.0005404318794466355
17,32,0.00003028977330900072,0.06766514495482626,0.00044764218460216693
17,33,0.000023491438577382103,0.06766514495482626,0.00034717192423167287
17,34,0.000019091453694715874,0.06766514495482626,0.00028214605477401203
17,35,0.00001472697915102909,0.06766514495482626,0.00021764498045280075
17,36,0.000011785709832044558,0.06766514495482626,0.00017417696865812944
17,37,9.142878031178495e-6,0.06766514495482626,0.00013511946272016926
17,38,7.290153752746022e-6,0.06766514495482626,0.00010773868522136444
17,39,5.860214173326121e-6,0.06766514495482626,0.00008660609797316539
17,40,4.6401331808103915e-6,0.06766514495482626,0.00006857493889813106
17,41,3.707977045343105e-6,0.06766514495482626,0.00005479892266274723
17,42,2.9042124366943975e-6,0.06766514495482626,0.00004292036082436934
17,43,2.306335752982165e-6,0.06766514495482626,0.0000340845461060032
17,44,1.8103091869421631e-6,0.06766514495482626,0.000026753939390076512
17,45,1.4326958045314394e-6,0.06766514495482626,0.000021173320555034907
17,46,1.1262937269695806e-6,0.06766514495482626,0.000016645109202404024
17,47,8.940989585598782e-7,0.06766514495482626,0.000013213582253563266
17,48,6.995664942786971e-7,0.06766514495482626,0.000010338653596999353
17,49,5.539532238794118e-7,0.06766514495482626,8.18668495056406e-6
17,50,4.3675844302917316e-7,0.06766514495482626,6.454703427011887e-6
17,51,3.412611422174962e-7,0.06766514495482626,5.043381528929327e-6
17,52,2.675221004502127e-7,0.06766514495482626,3.953617488424985e-6
17,53,2.1205448498049388e-7,0.06766514495482626,3.1338805986754778e-6
17,54,1.6370041610480798e-7,0.06766514495482626,2.419272377441821e-6
17,55,1.2614284885521142e-7,0.06766514495482626,1.8642219556231691e-6
17,56,9.671811630009819e-8,0.06766514495482626,1.4293639120209956e-6
17,57,7.484243090481591e-8,0.06766514495482626,1.1060706506249453e-6
17,58,5.739850010926885e-8,0.06766514495482626,8.482727724530629e-7
17,59,4.463077724596012e-8,0.06766514495482626,6.595829695740096e-7
17,60,3.3718921516678594e-8,0.06766514495482626,4.98320391380076e-7
17,61,2.5808420366010507e-8,0.06766514495482626,3.8141380445191384e-7
17,62,1.966538403026869e-8,0.06766514495482626,2.9062797461525346e-7
17,63,1.5262401587738967e-8,0.06766514495482626,2.255578052471218e-7
17,64,1.1227501700313829e-8,0.06766514495482626,1.659274018818609e-7
17,65,8.82954345654197e-9,0.06766514495482626,1.3048879836785448e-7
17,66,6.27541063257867e-9,0.06766514495482626,9.274214422755142e-8
17,67,4.636043564269411e-9,0.06766514495482626,6.851449985608495e-8
17,68,3.3272656362343937e-9,0.06766514495482626,4.917251915230065e-8
17,69,2.60041451867624e-9,0.06766514495482626,3.8430635453634154e-8
17,70,1.5429553467462158e-9,0.06766514495482626,2.2802808562315267e-8
17,71,1.064062223664694e-9,0.06766514495482626,1.57254111311676e-8
17,72,7.004619724544834e-10,0.06766514495482626,1.0351887562231882e-8
17,73,4.5126404959522263e-10,0.06766514495482626,6.669076817857847e-9
17,74,0.0,0.06766514495482626,0.0
17,75,0.0,0.06766514495482626,0.0
17,76,0.0,0.06766514495482626,0.0
17,77,0.0,0.06766514495482626,0.0
17,78,0.0,0.06766514495482626,0.0
17,79,0.0,0.06766514495482626,0.0
17,80,0.0,0.06766514495482626,0.0
17,81,0.0,0.06766514495482626,0.0
17,82,0.0,0.06766514495482626,0.0
17,83,0.0,0.06766514495482626,0.0
17,84,0.0,0.06766514495482626,0.0
17,85,0.0,0.06766514495482626,0.0
17,86,0.0,0.06766514495482626,0.0
17,87,0.0,0.06766514495482626,0.0
17,88,0.0,0.06766514495482626,0.0
17,89,0.0,0.06766514495482626,0.0
17,90,0.0,0.06766514495482626,0.0
17,91,0.0,0.06766514495482626,0.0
17,92,0.0,0.06766514495482626,0.0
17,93,0.0,0.06766514495482626,0.0
17,94,0.0,0.06766514495482626,0.0
17,95,0.0,0.06766514495482626,0.0
17,96,0.0,0.06766514495482626,0.0
17,97,0.0,0.06766514495482626,0.0
17,98,0.0,0.06766514495482626,0.0
17,99,0.0,0.06766514495482626,0.0
17,100,0.0,0.06766514495482626,0.0
17,101,0.0,0.06766514495482626,0.0
17,102,0.0,0.06766514495482626,0.0
17,103,0.0,0.06766514495482626,0.0
17,104,0.0,0.06766514495482626,0.0
17,105,0.0,0.06766514495482626,0.0
17,106,0.0,0.06766514495482626,0.0
17,107,0.0,0.06766514495482626,0.0
17,108,0.0,0.06766514495482626,0.0
19,0,0.0,0.040465406796021154,0.0
19,1,0.0,0.040465406796021154,0.0
19,2,0.0,0.040465406796021154,0.0
19,3,0.0,0.040465406796021154,0.0
19,4,0.0,0.040465406796021154,0.0
19,5,0.0,0.040465406796021154,0.0
19,6,0.0,0.040465406796021154,0.0
19,7,0.005930858473581842,0.040465406796021154,0.1465661399001432
19,8,0.0,0.040465406796021154,0.0
19,9,0.0,0.040465406796021154,0.0
19,10,0.002528840514274991,0.040465406796021154,0.06249388587695218
19,11,0.00023966068605270644,0.040465406796021154,0.005922606617074009
19,12,0.0010436849276971019,0.040465406796021154,0.025792028558075053
19,13,0.0008040721098661383,0.040465406796021154,0.01987060488281562
19,14,0.0019127164588179392,0.040465406796021154,0.04726794094668563
19,15,0.0008332828287353788,0.040465406796021154,0.02059247378719823
19,16,0.0012920883653333738,0.040465406796021154,0.031930690128646404
19,17,0.0018873447866063955,0.040465406796021154,0.04664094435328826
19,18,0.020931290107059984,0.040465406796021154,0.5172638004745845
19,19,0.00042217967141917407,0.040465406796021154,0.010433100884103451
19,20,0.000685258275331369,0.040465406796021154,0.016934422006076272
19,21,0.0003712009231701404,0.040465406796021154,0.009173290288203392
19,22,0.0002587446500577501,0.040465406796021154,0.006394218433587864
19,23,0.00033326079481359595,0.040465406796021154,0.008235696146427088
19,24,0.00020976019696749846,0.040465406796021154,0.005183691789504599
19,25,0.0001564109850305254,0.040465406796021154,0.0038653011897042105
19,26,0.00014856295745699355,0.040465406796021154,0.0036713570731136532
19,27,0.00011256890343562061,0.040465406796021154,0.0027818552276778095
19,28,0.000071184754348533,0.040465406796021154,0.0017591508398114605
19,29,0.00005707159240339502,0.040465406796021154,0.0014103798014704922
19,30,0.00005307170255997389,0.040465406796021154,0.0013115326586854497
19,31,0.000036671424978757075,0.040465406796021154,0.0009062413523632949
19,32,0.000031387392773573576,0.040465406796021154,0.0007756598847947281
19,33,0.000023366775175992795,0.040465406796021154,0.0005774506430586627
19,34,0.000018713779024477595,0.040465406796021154,0.00046246363267297405
19,35,0.000015505151978604745,0.040465406796021154,0.00038317054507232387
19,36,0.000011897080976780687,0.040465406796021154,0.0002940062121888885
19,37,9.46362220194662e-6,0.040465406796021154,0.00023386944432935122
19,38,7.511920427804509e-6,0.040465406796021154,0.00018563808009322013
19,39,5.8680705702979866e-6,0.040465406796021154,0.00014501449595892798
19,40,4.634155358049071e-6,0.040465406796021154,0.00011452140791291227
19,41,3.6102272630418253e-6,0.040465406796021154,0.00008921761941601952
19,42,2.906292272045459e-6,0.040465406796021154,0.00007182164970429078
19,43,2.2996744662056597e-6,0.040465406796021154,0.000056830627646915936
19,44,1.7961891551996912e-6,0.040465406796021154,0.00004438826388806513
19,45,1.434958055851865e-6,0.040465406796021154,0.000035461352534653384
19,46,1.1323071021281443e-6,0.040465406796021154,0.000027982101053274985
19,47,8.854201924010505e-7,0.040465406796021154,0.000021880916627486154
19,48,7.005616712618783e-7,0.040465406796021154,0.000017312606661618005
19,49,5.547695178185406e-7,0.040465406796021154,0.000013709722989195044
19,50,4.3435757081259625e-7,0.040465406796021154,0.00001073404681193778
19,51,3.4139955598400146e-7,0.040465406796021154,8.43682500722e-6
19,52,2.6854702297676944e-7,0.040465406796021154,6.636459243582222e-6
19,53,2.1149431630288134e-7,0.040465406796021154,5.226546155064898e-6
19,54,1.6265860549054044e-7,0.040465406796021154,4.019695299505408e-6
19,55,1.2538783621750657e-7,0.040465406796021154,3.098642671493805e-6
19,56,9.690740670029582e-8,0.040465406796021154,2.3948210180806694e-6
19,57,7.448852541806673e-8,0.040465406796021154,1.8407951708863326e-6
19,58,5.786390323775952e-8,0.040465406796021154,1.4299597562293407e-6
19,59,4.444933583829897e-8,0.040465406796021154,1.0984527120253626e-6
19,60,3.421778029296862e-8,0.040465406796021154,8.456057408604417e-7
19,61,2.5690961764561236e-8,0.040465406796021154,6.348870257023427e-7
19,62,1.9414934446879867e-8,0.040465406796021154,4.797909123896138e-7
19,63,1.5362105953060627e-8,0.040465406796021154,3.796355249929463e-7
19,64,1.1267093118812705e-8,0.040465406796021154,2.784376585068846e-7
19,65,7.908867324630653e-9,0.040465406796021154,1.9544761688663685e-7
19,66,6.143705356061075e-9,0.040465406796021154,1.518261113012008e-7
19,67,4.8439432359220414e-9,0.040465406796021154,1.197057837658593e-7
19,68,3.5613288626228454e-9,0.040465406796021154,8.800921934567134e-8
19,69,2.564258656060428e-9,0.040465406796021154,6.336915551069078e-8
19,70,1.429659006746179e-9,0.040465406796021154,3.533039996243787e-8
19,71,1.1288849613261398e-9,0.040465406796021154,2.7897531514180646e-8
19,72,7.234660042804977e-10,0.040465406796021154,1.787862921846702e-8
19,73,5.467705321908412e-10,0.040465406796021154,1.3512048326784731e-8
19,74,0.0,0.040465406796021154,0.0
19,75,0.0,0.040465406796021154,0.0
19,76,0.0,0.040465406796021154,0.0
19,77,0.0,0.040465406796021154,0.0
19,78,0.0,0.040465406796021154,0.0
19,79,0.0,0.040465406796021154,0.0
19,80,0.0,0.040465406796021154,0.0
19,81,0.0,0.040465406796021154,0.0
19,82,0.0,0.040465406796021154,0.0
19,83,0.0,0.040465406796021154,0.0
19,84,0.0,0.040465406796021154,0.0
19,85,0.0,0.040465406796021154,0.0
19,86,0.0,0.040465406796021154,0.0
19,87,0.0,0.040465406796021154,0.0
19,88,0.0,0.040465406796021154,0.0
19,89,0.0,0.040465406796021154,0.0
19,90,0.0,0.040465406796021154,0.0
19,91,0.0,0.040465406796021154,0.0
19,92,0.0,0.040465406796021154,0.0
19,93,0.0,0.040465406796021154,0.0
19,94,0.0,0.040465406796021154,0.0
19,95,0.0,0.040465406796021154,0.0
19,96,0.0,0.040465406796021154,0.0
19,97,0.0,0.040465406796021154,0.0
19,98,0.0,0.040465406796021154,0.0
19,99,0.0,0.040465406796021154,0.0
19,100,0.0,0.040465406796021154,0.0
19,101,0.0,0.040465406796021154,0.0
19,102,0.0,0.040465406796021154,0.0
19,103,0.0,0.040465406796021154,0.0
19,104,0.0,0.040465406796021154,0.0
19,105,0.0,0.040465406796021154,0.0
19,106,0.0,0.040465406796021154,0.0
19,107,0.0,0.040465406796021154,0.0
19,108,0.0,0.040465406796021154,0.0
21,0,0.0,0.04018907689650774,0.0
21,1,0.0,0.04018907689650774,0.0
21,2,0.0,0.04018907689650774,0.0
21,3,0.0,0.04018907689650774,0.0
21,4,0.0,0.04018907689650774,0.0
21,5,0.0,0.04018907689650774,0.0
21,6,0.0,0.04018907689650774,0.0
21,7,0.0,0.04018907689650774,0.0
21,8,0.0,0.04018907689650774,0.0
21,9,0.025561694430764226,0.04018907689650774,0.6360358685667007
21,10,0.0004438441408728533,0.04018907689650774,0.011043899864030505
21,11,0.0,0.04018907689650774,0.0
21,12,0.0005743145644271027,0.04018907689650774,0.014290314900888113
21,13,0.0005823113699811412,0.04018907689650774,0.014489294478712984
21,14,0.001929005841571645,0.04018907689650774,0.04799826197897238
21,15,0.0015174998459507418,0.04018907689650774,0.03775901222758879
21,16,0.002890403692697951,0.04018907689650774,0.07192013143623895
21,17,0.0014020639830703645,0.04018907689650774,0.03488669288625034
21,18,0.001009232969290669,0.04018907689650774,0.02511212118381269
21,19,0.0012921371276797735,0.04018907689650774,0.03215145077870785
21,20,0.0007791618174075525,0.04018907689650774,0.01938740268690417
21,21,0.0005701118784358068,0.04018907689650774,0.014185742058816661
21,22,0.0002361908884227199,0.04018907689650774,0.00587699212477418
21,23,0.00030107373550952504,0.04018907689650774,0.007491431970055701
21,24,0.00026424536033738995,0.04018907689650774,0.00657505423719627
21,25,0.00019090432918640642,0.04018907689650774,0.004750154617335717
21,26,0.00017477910783372428,0.04018907689650774,0.004348920685185278
21,27,0.00009709037173809198,0.04018907689650774,0.0024158398061272395
21,28,0.00007890079079822721,0.04018907689650774,0.0019632396882716995
21,29,0.00005933677452116724,0.04018907689650774,0.0014764403440757645
21,30,0.000046991417619124745,0.04018907689650774,0.0011692584465210272
21,31,0.000043396289895600685,0.04018907689650774,0.0010798031019063202
21,32,0.000030318006235303127,0.04018907689650774,0.0007543842401102185
21,33,0.00002415414623077101,0.04018907689650774,0.0006010127152950334
21,34,0.000018341538905943843,0.04018907689650774,0.0004563811941532214
21,35,0.00001507757078548702,0.04018907689650774,0.00037516588958521707
21,36,0.000011983933686172652,0.04018907689650774,0.00029818882670614425
21,37,9.140477715637563e-6,0.04018907689650774,0.00022743686646935232
21,38,7.450828796959318e-6,0.04018907689650774,0.00018539437509714892
21,39,5.810552541058845e-6,0.04018907689650774,0.0001445803932252984
21,40,4.711968360042419e-6,0.04018907689650774,0.00011724500097816054
21,41,3.694445816538554e-6,0.04018907689650774,0.00009192661543464278
21,42,2.895308345240755e-6,0.04018907689650774,0.00007204217087883262
21,43,2.3422155607616252e-6,0.04018907689650774,0.00005827990443256869
21,44,1.815820940442644e-6,0.04018907689650774,0.000045181951929839696
21,45,1.4237990973985445e-6,0.04018907689650774,0.00003542751432348193
21,46,1.1355377783347288e-6,0.04018907689650774,0.000028254885805386643
21,47,8.846041764560203e-7,0.04018907689650774,0.000022011059839318894
21,48,7.018770208493897e-7,0.04018907689650774,0.000017464372786088546
21,49,5.533981087417137e-7,0.04018907689650774,0.000013769863641476215
21,50,4.3445798974887977e-7,0.04018907689650774,0.000010810350057744978
21,51,3.42061995538373e-7,0.04018907689650774,8.511317550767052e-6
21,52,2.6773815330419e-7,0.04018907689650774,6.66196324920952e-6
21,53,2.113112335401863e-7,0.04018907689650774,5.257927025403968e-6
21,54,1.632446907639394e-7,0.04018907689650774,4.061916903050955e-6
21,55,1.25522651189894e-7,0.04018907689650774,3.1233026703532318e-6
21,56,9.679757549187309e-8,0.04018907689650774,2.4085543378152184e-6
21,57,7.468613539746789e-8,0.04018907689650774,1.8583690187708143e-6
21,58,5.7216043769565185e-8,0.04018907689650774,1.42367150947269e-6
21,59,4.4430319862975656e-8,0.04018907689650774,1.1055322314913996e-6
21,60,3.356623885444659e-8,0.04018907689650774,8.352080079093171e-7
21,61,2.5505073455082343e-8,0.04018907689650774,6.346270037692413e-7
21,62,1.9300142858154546e-8,0.04018907689650774,4.802335447478677e-7
21,63,1.4776388275731648e-8,0.04018907689650774,3.676717510527258e-7
21,64,1.1301140751369443e-8,0.04018907689650774,2.811993114564785e-7
21,65,8.812857643311248e-9,0.04018907689650774,2.192848983818548e-7
21,66,5.992278890501623e-9,0.04018907689650774,1.4910217783634454e-7
21,67,4.288504133097357e-9,0.04018907689650774,1.0670820193608403e-7
21,68,3.2029404980953007e-9,0.04018907689650774,7.969679190052815e-8
21,69,2.2182094211428173e-9,0.04018907689650774,5.5194336183809444e-8
21,70,1.6331001902389395e-9,0.04018907689650774,4.063542425829763e-8
21,71,9.789560894673046e-10,0.04018907689650774,2.4358760266831902e-8
21,72,6.383882943513034e-10,0.04018907689650774,1.5884621983113444e-8
21,73,4.57385834242413e-10,0.04018907689650774,1.1380849463655083e-8
21,74,0.0,0.04018907689650774,0.0
21,75,0.0,0.04018907689650774,0.0
21,76,0.0,0.04018907689650774,0.0
21,77,0.0,0.04018907689650774,0.0
21,78,0.0,0.04018907689650774,0.0
21,79,0.0,0.04018907689650774,0.0
21,80,0.0,0.04018907689650774,0.0
21,81,0.0,0.04018907689650774,0.0
21,82,0.0,0.04018907689650774,0.0
21,83,0.0,0.04018907689650774,0.0
21,84,0.0,0.04018907689650774,0.0
21,85,0.0,0.04018907689650774,0.0
21,86,0.0,0.04018907689650774,0.0
21,87,0.0,0.04018907689650774,0.0
21,88,0.0,0.04018907689650774,0.0
21,89,0.0,0.04018907689650774,0.0
21,90,0.0,0.04018907689650774,0.0
21,91,0.0,0.04018907689650774,0.0
21,92,0.0,0.04018907689650774,0.0
21,93,0.0,0.04018907689650774,0.0
21,94,0.0,0.04018907689650774,0.0
21,95,0.0,0.04018907689650774,0.0
21,96,0.0,0.04018907689650774,0.0
21,97,0.0,0.04018907689650774,0.0
21,98,0.0,0.04018907689650774,0.0
21,99,0.0,0.04018907689650774,0.0
21,100,0.0,0.04018907689650774,0.0
21,101,0.0,0.04018907689650774,0.0
21,102,0.0,0.04018907689650774,0.0
21,103,0.0,0.04018907689650774,0.0
21,104,0.0,0.04018907689650774,0.0
21,105,0.0,0.04018907689650774,0.0
21,106,0.0,0.04018907689650774,0.0
21,107,0.0,0.04018907689650774,0.0
21,108,0.0,0.04018907689650774,0.0
23,0,0.0,0.0780162302186528,0.0
23,1,0.0,0.0780162302186528,0.0
23,2,0.0,0.0780162302186528,0.0
23,3,0.0,0.0780162302186528,0.0
23,4,0.0,0.0780162302186528,0.0
23,5,0.0,0.0780162302186528,0.0
23,6,0.0,0.0780162302186528,0.0
23,7,0.022491681082642982,0.0780162302186528,0.28829489735157027
23,8,0.0,0.0780162302186528,0.0
23,9,0.0018959669861115737,0.0780162302186528,0.024302212255037536
23,10,0.0,0.0780162302186528,0.0
23,11,0.0009674546058492056,0.0780162302186528,0.012400683846652952
23,12,0.0005699558164850824,0.0780162302186528,0.007305605703937389
23,13,0.0036051371938539216,0.0780162302186528,0.046210092230167435
23,14,0.0022690641004700658,0.0780162302186528,0.029084513493034148
23,15,0.0009553403566716527,0.0780162302186528,0.012245405270084962
23,16,0.0015483874635988,0.0780162302186528,0.019846991571615288
23,17,0.03967793229003555,0.0780162302186528,0.5085856132606239
23,18,0.0006741889396304046,0.0780162302186528,0.00864164979185592
23,19,0.0008222721678989607,0.0780162302186528,0.010539757760589215
23,20,0.00043885607054685476,0.0780162302186528,0.0056251893909368775
23,21,0.00035290400685409864,0.0780162302186528,0.0045234691020705495
23,22,0.000456477387479638,0.0780162302186528,0.005851056712177557
23,23,0.0002586217491272044,0.0780162302186528,0.00331497367153445
23,24,0.00025417819325358705,0.0780162302186528,0.003258016858046237
23,25,0.0001837842957094173,0.0780162302186528,0.002355718742040378
23,26,0.0001384409731044002,0.0780162302186528,0.0017745150299674508
23,27,0.00008762851335549793,0.0780162302186528,0.0011232087619448567
23,28,0.00007066970050773015,0.0780162302186528,0.0009058333158327076
23,29,0.00006938462042247713,0.0780162302186528,0.0008893613576048956
23,30,0.000044709219547524856,0.0780162302186528,0.0005730758769325334
23,31,0.00003932961875670615,0.0780162302186528,0.0005041209841398218
23,32,0.00002985048728756447,0.0780162302186528,0.0003826189397245133
23,33,0.000023514415555280564,0.0780162302186528,0.0003014041500002974
23,34,0.000019216337651856877,0.0780162302186528,0.000246312050684839
23,35,0.000014687215897008088,0.0780162302186528,0.00018825846693495504
23,36,0.000012005704901768183,0.0780162302186528,0.00015388727279080648
23,37,9.303665350589137e-6,0.0780162302186528,0.00011925294678445943
23,38,7.4764759160804035e-6,0.0780162302186528,0.00009583231457257548
23,39,5.890047647090701e-6,0.0780162302186528,0.00007549772182766219
23,40,4.533423554157129e-6,0.0780162302186528,0.00005810872354959339
23,41,3.7389013504142545e-6,0.0780162302186528,0.000047924660547368075
23,42,2.909749705285004e-6,0.0780162302186528,0.000037296722709235905
23,43,2.278583000792322e-6,0.0780162302186528,0.000029206525288471816
23,44,1.8122956554405014e-6,0.0780162302186528,0.00002322972605009569
23,45,1.4321374093871416e-6,0.0780162302186528,0.000018356916315660862
23,46,1.1222525941008338e-6,0.0780162302186528,0.000014384860572672427
23,47,8.859533312422172e-7,0.0780162302186528,0.000011356013085471999
23,48,7.038740280794278e-7,0.0780162302186528,9.022148674791255e-6
23,49,5.52783140278808e-7,0.0780162302186528,7.0854889902978645e-6
23,50,4.3430708738508314e-7,0.0780162302186528,5.566881226737936e-6
23,51,3.4238109084153444e-7,0.0780162302186528,4.388587988447498e-6
23,52,2.673499951539449e-7,0.0780162302186528,3.4268509822206784e-6
23,53,2.1193693298241718e-7,0.0780162302186528,2.7165749022790577e-6
23,54,1.6202405534295293e-7,0.0780162302186528,2.0767993389177476e-6
23,55,1.2563377804197187e-7,0.0780162302186528,1.610354379977902e-6
23,56,9.603386943371549e-8,0.0780162302186528,1.2309473190971343e-6
23,57,7.499527127233183e-8,0.0780162302186528,9.612778144002313e-7
23,58,5.803686925542706e-8,0.0780162302186528,7.439076342546875e-7
23,59,4.387177478612269e-8,0.0780162302186528,5.623416392097531e-7
23,60,3.32016123600827e-8,0.0780162302186528,4.2557314378085107e-7
23,61,2.577672849665361e-8,0.0780162302186528,3.304021281778197e-7
23,62,2.004993398261833e-8,0.0780162302186528,2.5699695981753065e-7
23,63,1.512551710597914e-8,0.0780162302186528,1.938765441958358e-7
23,64,1.0924070175525211e-8,0.0780162302186528,1.400230457804585e-7
23,65,8.077829895785947e-9,0.0780162302186528,1.0354037708751824e-7
23,66,6.3756324699591855e-9,0.0780162302186528,8.172187315498928e-8
23,67,4.619143046596661e-9,0.0780162302186528,5.920746277602473e-8
23,68,3.6069296306849923e-9,0.0780162302186528,4.623306740887124e-8
23,69,2.166570794630515e-9,0.0780162302186528,2.777077011486403e-8
23,70,1.6340842570338128e-9,0.0780162302186528,2.094543984570946e-8
23,71,1.1007424448104684e-9,0.0780162302186528,1.4109146798370853e-8
23,72,8.372767094870598e-10,0.0780162302186528,1.0732083659264998e-8
23,73,4.959671917895137e-10,0.0780162302186528,6.357230930019144e-9
23,74,0.0,0.0780162302186528,0.0
23,75,0.0,0.0780162302186528,0.0
23,76,0.0,0.0780162302186528,0.0
23,77,0.0,0.0780162302186528,0.0
23,78,0.0,0.0780162302186528,0.0
23,79,0.0,0.0780162302186528,0.0
23,80,0.0,0.0780162302186528,0.0
23,81,0.0,0.0780162302186528,0.0
23,82,0.0,0.0780162302186528,0.0
23,83,0.0,0.0780162302186528,0.0
23,84,0.0,0.0780162302186528,0.0
23,85,0.0,0.0780162302186528,0.0
23,86,0.0,0.0780162302186528,0.0
23,87,0.0,0.0780162302186528,0.0
23,88,0.0,0.0780162302186528,0.0
23,89,0.0,0.0780162302186528,0.0
23,90,0.0,0.0780162302186528,0.0
23,91,0.0,0.0780162302186528,0.0
23,92,0.0,0.0780162302186528,0.0
23,93,0.0,0.0780162302186528,0.0
23,94,0.0,0.0780162302186528,0.0
23,95,0.0,0.0780162302186528,0.0
23,96,0.0,0.0780162302186528,0.0
23,97,0.0,0.0780162302186528,0.0
23,98,0.0,0.0780162302186528,0.0
23,99,0.0,0.0780162302186528,0.0
23,100,0.0,0.0780162302186528,0.0
23,101,0.0,0.0780162302186528,0.0
23,102,0.0,0.0780162302186528,0.0
23,103,0.0,0.0780162302186528,0.0
23,104,0.0,0.0780162302186528,0.0
23,105,0.0,0.0780162302186528,0.0
23,106,0.0,0.0780162302186528,0.0
23,107,0.0,0.0780162302186528,0.0
23,108,0.0,0.0780162302186528,0.0
25,0,0.0,0.038982959154400885,0.0
25,1,0.0,0.038982959154400885,0.0
25,2,0.0,0.038982959154400885,0.0
25,3,0.0,0.038982959154400885,0.0
25,4,0.0,0.038982959154400885,0.0
25,5,0.0,0.038982959154400885,0.0
25,6,0.0,0.038982959154400885,0.0
25,7,0.0010389491379689643,0.038982959154400885,0.026651366661365285
25,8,0.0,0.038982959154400885,0.0
25,9,0.0,0.038982959154400885,0.0
25,10,0.0,0.038982959154400885,0.0
25,11,0.010174735550197373,0.038982959154400885,0.26100469976889173
25,12,0.00018573210630932007,0.038982959154400885,0.004764443498855122
25,13,0.0007843047147759105,0.038982959154400885,0.020119168267075188
25,14,0.017997874792240902,0.038982959154400885,0.46168570017879407
25,15,0.0018565319908868969,0.038982959154400885,0.04762419352347468
25,16,0.0010958999494129233,0.038982959154400885,0.028112282217272477
25,17,0.0010339986109332018,0.038982959154400885,0.026524374582181275
25,18,0.0014229418561569325,0.038982959154400885,0.03650163781874658
25,19,0.0007218570379380691,0.038982959154400885,0.018517245832441555
25,20,0.0005578318834643203,0.038982959154400885,0.014309634146933283
25,21,0.00039928026681085115,0.038982959154400885,0.010242430935768902
25,22,0.00037822105212014455,0.038982959154400885,0.009702215027394764
25,23,0.00030190813273751313,0.038982959154400885,0.0077446181430644405
25,24,0.0002463059004335642,0.038982959154400885,0.006318296655161902
25,25,0.00018084453476385564,0.038982959154400885,0.0046390663686555885
25,26,0.00013128657994174167,0.038982959154400885,0.0033677941025911165
25,27,0.00010042164720638432,0.038982959154400885,0.002576039617942843
25,28,0.00007809280511493036,0.038982959154400885,0.0020032549300740875
25,29,0.00006114223440347647,0.038982959154400885,0.0015684349195069754
25,30,0.00004719723744413031,0.038982959154400885,0.0012107145908855947
25,31,0.00004314038487700221,0.038982959154400885,0.0011066472585145445
25,32,0.00003145580593064952,0.038982959154400885,0.0008069117022661527
25,33,0.000022745757279270507,0.038982959154400885,0.0005834794939291488
25,34,0.000018695203844512382,0.038982959154400885,0.0004795737483772274
25,35,0.00001543415307623696,0.038982959154400885,0.0003959205101671857
25,36,0.000011639908131985018,0.038982959154400885,0.00029858965005407907
25,37,9.301533081763503e-6,0.038982959154400885,0.00023860510550065386
25,38,7.392046595185787e-6,0.038982959154400885,0.0001896225108491098
25,39,5.893255753108965e-6,0.038982959154400885,0.00015117517707589575
25,40,4.606157632658776e-6,0.038982959154400885,0.0001181582345869394
25,41,3.66386679356337e-6,0.038982959154400885,0.00009398636925051767
25,42,2.8738366399988356e-6,0.038982959154400885,0.00007372033068645075
25,43,2.2863448396592925e-6,0.038982959154400885,0.00005864985340398873
25,44,1.81067404317548e-6,0.038982959154400885,0.00004644783470654173
25,45,1.418209390157555e-6,0.038982959154400885,0.00003638023949234879
25,46,1.1452742650636507e-6,0.038982959154400885,0.000029378843728295003
25,47,8.863440595953989e-7,0.038982959154400885,0.00002273670544313559
25,48,7.007727420375115e-7,0.038982959154400885,0.000017976386534997036
25,49,5.563925578644709e-7,0.038982959154400885,0.000014272712229483439
25,50,4.378525371212438e-7,0.038982959154400885,0.000011231895849338403
25,51,3.42076039886013e-7,0.038982959154400885,8.775014706583534e-6
25,52,2.6869361813597203e-7,0.038982959154400885,6.892591633994479e-6
25,53,2.1040946191611337e-7,0.038982959154400885,5.397472805559444e-6
25,54,1.634596224461929e-7,0.038982959154400885,4.19310452546134e-6
25,55,1.2646994962870985e-7,0.038982959154400885,3.2442367735039512e-6
25,56,9.675725834302208e-8,0.038982959154400885,2.4820398564355497e-6
25,57,7.455424319291465e-8,0.038982959154400885,1.912482910741219e-6
25,58,5.775251142517433e-8,0.038982959154400885,1.48148095162382e-6
25,59,4.4341716143155883e-8,0.038982959154400885,1.1374640895661723e-6
25,60,3.344179511184476e-8,0.038982959154400885,8.578567619608074e-7
25,61,2.523933050561134e-8,0.038982959154400885,6.474452184516118e-7
25,62,1.994388085005957e-8,0.038982959154400885,5.116051034265328e-7
25,63,1.495198398778315e-8,0.038982959154400885,3.835517957618972e-7
25,64,1.113077377277641e-8,0.038982959154400885,2.8552921620676477e-7
25,65,8.399869168553725e-9,0.038982959154400885,2.1547541158392135e-7
25,66,5.784987427868224e-9,0.038982959154400885,1.4839785263492861e-7
25,67,4.4798526891602535e-9,0.038982959154400885,1.1491823058933974e-7
25,68,3.4602142203593713e-9,0.038982959154400885,8.876222573700486e-8
25,69,2.464923255664479e-9,0.038982959154400885,6.323078876340786e-8
25,70,1.3560049044887278e-9,0.038982959154400885,3.478455545455032e-8
25,71,1.0264712793089015e-9,0.038982959154400885,2.633128170807476e-8
25,72,6.107004952965581e-10,0.038982959154400885,1.566583216214397e-8
25,73,5.538600908019333e-10,0.038982959154400885,1.4207748791163962e-8
25,74,0.0,0.038982959154400885,0.0
25,75,0.0,0.038982959154400885,0.0
25,76,0.0,0.038982959154400885,0.0
25,77,0.0,0.038982959154400885,0.0
25,78,0.0,0.038982959154400885,0.0
25,79,0.0,0.038982959154400885,0.0
25,80,0.0,0.038982959154400885,0.0
25,81,0.0,0.038982959154400885,0.0
25,82,0.0,0.038982959154400885,0.0
25,83,0.0,0.038982959154400885,0.0
25,84,0.0,0.038982959154400885,0.0
25,85,0.0,0.038982959154400885,0.0
25,86,0.0,0.038982959154400885,0.0
25,87,0.0,0.038982959154400885,0.0
25,88,0.0,0.038982959154400885,0.0
25,89,0.0,0.038982959154400885,0.0
25,90,0.0,0.038982959154400885,0.0
25,91,0.0,0.038982959154400885,0.0
25,92,0.0,0.038982959154400885,0.0
25,93,0.0,0.038982959154400885,0.0
25,94,0.0,0.038982959154400885,0.0
25,95,0.0,0.038982959154400885,0.0
25,96,0.0,0.038982959154400885,0.0
25,97,0.0,0.038982959154400885,0.0
25,98,0.0,0.038982959154400885,0.0
25,99,0.0,0.038982959154400885,0.0
25,100,0.0,0.038982959154400885,0.0
25,101,0.0,0.038982959154400885,0.0
25,102,0.0,0.038982959154400885,0.0
25,103,0.0,0.038982959154400885,0.0
25,104,0.0,0.038982959154400885,0.0
25,105,0.0,0.038982959154400885,0.0
25,106,0.0,0.038982959154400885,0.0
25,107,0.0,0.038982959154400885,0.0
25,108,0.0,0.038982959154400885,0.0
27,0,0.0,0.0659251293150623,0.0
27,1,0.0,0.0659251293150623,0.0
27,2,0.0,0.0659251293150623,0.0
27,3,0.0,0.0659251293150623,0.0
27,4,0.0,0.0659251293150623,0.0
27,5,0.0,0.0659251293150623,0.0
27,6,0.0,0.0659251293150623,0.0
27,7,0.0,0.0659251293150623,0.0
27,8,0.0,0.0659251293150623,0.0
27,9,0.0,0.0659251293150623,0.0
27,10,0.0018259434997634795,0.0659251293150623,0.027697230460286645
27,11,0.010186434482432066,0.0659251293150623,0.15451519910943448
27,12,0.012324187784774454,0.0659251293150623,0.18694218597397086
27,13,0.03245991911883774,0.0659251293150623,0.4923755092494212
27,14,0.0008457903270988985,0.0659251293150623,0.01282955886300637
27,15,0.0015104284660027603,0.0659251293150623,0.02291127043201209
27,16,0.0010891540771373858,0.0659251293150623,0.01652107608211457
27,17,0.001359337097777224,0.0659251293150623,0.020619407377736435
27,18,0.0011171089948585197,0.0659251293150623,0.01694511647477781
27,19,0.0004936465051685479,0.0659251293150623,0.007487986907228737
27,20,0.0004475511785673175,0.0659251293150623,0.0067887796841236215
27,21,0.0005041326428202467,0.0659251293150623,0.007647048220579896
27,22,0.000346543729861606,0.0659251293150623,0.005256625712563133
27,23,0.00040449837625001616,0.0659251293150623,0.00613572366793368
27,24,0.00024771683477455475,0.0659251293150623,0.00375754795399328
27,25,0.00016930948786735884,0.0659251293150623,0.002568208657706428
27,26,0.0001284107475508981,0.0659251293150623,0.0019478270105047692
27,27,0.00008932397154052705,0.0659251293150623,0.0013549305472521642
27,28,0.00007346631805769134,0.0659251293150623,0.0011143902002313717
27,29,0.00006762225679933453,0.0659251293150623,0.0010257432560528098
27,30,0.000051577544361689966,0.0659251293150623,0.0007823654636336943
27,31,0.00003927549836109186,0.0659251293150623,0.0005957591402421165
27,32,0.000029700598156948276,0.0659251293150623,0.0004505201349701776
27,33,0.000024036614954049324,0.0659251293150623,0.00036460474486407323
27,34,0.00001896450827170598,0.0659251293150623,0.00028766736552116327
27,35,0.000014967890249319998,0.0659251293150623,0.00022704377533773297
27,36,0.000011485534126824153,0.0659251293150623,0.00017422088126568127
27,37,9.202510254101157e-6,0.0659251293150623,0.00013959032541478242
27,38,7.654921282583796e-6,0.0659251293150623,0.00011611537758235131
27,39,5.852123522983054e-6,0.0659251293150623,0.0000887692384343338
27,40,4.5969310673316745e-6,0.0659251293150623,0.0000697295722449404
27,41,3.6473036875302796e-6,0.0659251293150623,0.000055324937932233366
27,42,2.8861531614214538e-6,0.0659251293150623,0.00004377925673271357
27,43,2.2902963233975725e-6,0.0659251293150623,0.00003474086963791962
27,44,1.7971040276034676e-6,0.0659251293150623,0.00002725977250670137
27,45,1.442669222486779e-6,0.0659251293150623,0.0000218834492624524
27,46,1.1255203840955772e-6,0.0659251293150623,0.000017072706504929418
27,47,8.891377137366167e-7,0.0659251293150623,0.000013487083347039719
27,48,7.03717676854887e-7,0.0659251293150623,0.000010674498240143833
27,49,5.553058140071651e-7,0.0659251293150623,8.423279859692155e-6
27,50,4.350523951694554e-7,0.0659251293150623,6.599189105724764e-6
27,51,3.435507976644838e-7,0.0659251293150623,5.211226754256677e-6
27,52,2.665825064091918e-7,0.0659251293150623,4.043716093982453e-6
27,53,2.110180778759518e-7,0.0659251293150623,3.2008746902486436e-6
27,54,1.632604134955952e-7,0.0659251293150623,2.4764519264779682e-6
27,55,1.2549313645587767e-7,0.0659251293150623,1.903570577103222e-6
27,56,9.701429305285373e-8,0.0659251293150623,1.4715829011000258e-6
27,57,7.477247448800148e-8,0.0659251293150623,1.1342029248157695e-6
27,58,5.7638418174796906e-8,0.0659251293150623,8.743011773149139e-7
27,59,4.3574114901047736e-8,0.0659251293150623,6.609636621689888e-7
27,60,3.376906393994857e-8,0.0659251293150623,5.122335639049426e-7
27,61,2.6064575978982938e-8,0.0659251293150623,3.9536632312722385e-7
27,62,1.957289440700601e-8,0.0659251293150623,2.968958060509117e-7
27,63,1.4833312756806531e-8,0.0659251293150623,2.2500240668344776e-7
27,64,1.0772275588483082e-8,0.0659251293150623,1.6340166034413644e-7
27,65,8.386203692510295e-9,0.0659251293150623,1.272079976124408e-7
27,66,6.041349346307133e-9,0.0659251293150623,9.163955246010918e-8
27,67,4.704575829967746e-9,0.0659251293150623,7.136240579042542e-8
27,68,3.4123129446032097e-9,0.0659251293150623,5.1760428535459526e-8
27,69,2.0109601606120472e-9,0.0659251293150623,3.050369686802558e-8
27,70,1.6431789059682878e-9,0.0659251293150623,2.4924925032992862e-8
27,71,1.03047947471354e-9,0.0659251293150623,1.5631057313346833e-8
27,72,8.819000407486174e-10,0.0659251293150623,1.3377297093099893e-8
27,73,4.547911513770095e-10,0.0659251293150623,6.898600823420771e-9
27,74,0.0,0.0659251293150623,0.0
27,75,0.0,0.0659251293150623,0.0
27,76,0.0,0.0659251293150623,0.0
27,77,0.0,0.0659251293150623,0.0
27,78,0.0,0.0659251293150623,0.0
27,79,0.0,0.0659251293150623,0.0
27,80,0.0,0.0659251293150623,0.0
27,81,0.0,0.0659251293150623,0.0
27,82,0.0,0.0659251293150623,0.0
27,83,0.0,0.0659251293150623,0.0
27,84,0.0,0.0659251293150623,0.0
27,85,0.0,0.0659251293150623,0.0
27,86,0.0,0.0659251293150623,0.0
27,87,0.0,0.0659251293150623,0.0
27,88,0.0,0.0659251293150623,0.0
27,89,0.0,0.0659251293150623,0.0
27,90,0.0,0.0659251293150623,0.0
27,91,0.0,0.0659251293150623,0.0
27,92,0.0,0.0659251293150623,0.0
27,93,0.0,0.0659251293150623,0.0
27,94,0.0,0.0659251293150623,0.0
27,95,0.0,0.0659251293150623,0.0
27,96,0.0,0.0659251293150623,0.0
27,97,0.0,0.0659251293150623,0.0
27,98,0.0,0.0659251293150623,0.0
27,99,0.0,0.0659251293150623,0.0
27,100,0.0,0.0659251293150623,0.0
27,101,0.0,0.0659251293150623,0.0
27,102,0.0,0.0659251293150623,0.0
27,103,0.0,0.0659251293150623,0.0
27,104,0.0,0.0659251293150623,0.0
27,105,0.0,0.0659251293150623,0.0
27,106,0.0,0.0659251293150623,0.0
27,107,0.0,0.0659251293150623,0.0
27,108,0.0,0.0659251293150623,0.0
29,0,0.0,0.07759087870981486,0.0
29,1,0.0,0.07759087870981486,0.0
29,2,0.0,0.07759087870981486,0.0
29,3,0.0,0.07759087870981486,0.0
29,4,0.0,0.07759087870981486,0.0
29,5,0.0,0.07759087870981486,0.0
29,6,0.0,0.07759087870981486,0.0
29,7,0.0,0.07759087870981486,0.0
29,8,0.007606233117989677,0.07759087870981486,0.09802999069563992
29,9,0.0,0.07759087870981486,0.0
29,10,0.020919000912407906,0.07759087870981486,0.2696064442141929
29,11,0.0030914912285753353,0.07759087870981486,0.03984348779110137
29,12,0.0013562652723183549,0.07759087870981486,0.01747969986769584
29,13,0.0024495862801462193,0.07759087870981486,0.03157054438457286
29,14,0.0009885463687640192,0.07759087870981486,0.01274049714607721
29,15,0.015196045173505755,0.07759087870981486,0.19584834488520272
29,16,0.0005957255262333684,0.07759087870981486,0.007677777802483013
29,17,0.0011586259343465343,0.07759087870981486,0.014932501778717114
29,18,0.0016189756530911165,0.07759087870981486,0.02086554089876964
29,19,0.020180632874361913,0.07759087870981486,0.26009027362399445
29,20,0.00033167635869870105,0.07759087870981486,0.004274682336555954
29,21,0.00047116955955607266,0.07759087870981486,0.006072486449318585
29,22,0.00036446496073043455,0.07759087870981486,0.004697265539336282
29,23,0.00022386294685776675,0.07759087870981486,0.0028851709193164375
29,24,0.0002971116774895262,0.07759087870981486,0.0038292088249278072
29,25,0.00014613035215123467,0.07759087870981486,0.0018833444675598178
29,26,0.00012323262891340435,0.07759087870981486,0.0015882360267408086
29,27,0.00009717234275764437,0.07759087870981486,0.001252368118178723
29,28,0.00008958434086359152,0.07759087870981486,0.0011545730935543527
29,29,0.00005829381520576363,0.07759087870981486,0.0007512972681206374
29,30,0.0000444876892326258,0.07759087870981486,0.0005733623587252702
29,31,0.000039212691632531076,0.07759087870981486,0.0005053775944358633
29,32,0.000028587909854331226,0.07759087870981486,0.00036844420800089477
29,33,0.000024371024998901374,0.07759087870981486,0.00031409652015989555
29,34,0.000018746395644741747,0.07759087870981486,0.00024160566237240488
29,35,0.000014651484392485321,0.07759087870981486,0.00018882998409234386
29,36,0.000012344374080899374,0.07759087870981486,0.00015909568606725769
29,37,9.476979052303781e-6,0.07759087870981486,0.00012214037538802857
29,38,7.424172453474593e-6,0.07759087870981486,0.00009568357230803564
29,39,5.87250450133719e-6,0.07759087870981486,0.0000756855006540137
29,40,4.5653926312552496e-6,0.07759087870981486,0.00005883929538070497
29,41,3.6822304522495097e-6,0.07759087870981486,0.000047457001563557826
29,42,2.8606916745957925e-6,0.07759087870981486,0.000036868917096487646
29,43,2.3017093149153026e-6,0.07759087870981486,0.000029664689370558033
29,44,1.8192469298062269e-6,0.07759087870981486,0.000023446659711254194
29,45,1.4172901412309648e-6,0.07759087870981486,0.00001826619526415654
29,46,1.1297089105121268e-6,0.07759087870981486,0.000014559815912604483
29,47,8.91297502746153e-7,0.07759087870981486,0.000011487142787486028
29,48,7.002196125193332e-7,0.07759087870981486,9.024509377424526e-6
29,49,5.527851676820351e-7,0.07759087870981486,7.124357616175707e-6
29,50,4.3622510786129706e-7,0.07759087870981486,5.622118412819531e-6
29,51,3.4057246770756975e-7,0.07759087870981486,4.389336393280065e-6
29,52,2.6755895593630955e-7,0.07759087870981486,3.4483300148843997e-6
29,53,2.1209355867842064e-7,0.07759087870981486,2.733485716428571e-6
29,54,1.6376836779475285e-7,0.07759087870981486,2.1106652034092372e-6
29,55,1.2622213692183932e-7,0.07759087870981486,1.6267651432831736e-6
29,56,9.724921307307765e-8,0.07759087870981486,1.253358831477908e-6
29,57,7.43095926963234e-8,0.07759087870981486,9.577104156048643e-7
29,58,5.754838103414791e-8,0.07759087870981486,7.41690028403665e-7
29,59,4.464648251683353e-8,0.07759087870981486,5.754089044900321e-7
29,60,3.373051822987802e-8,0.07759087870981486,4.347227250258126e-7
29,61,2.6105812938843284e-8,0.07759087870981486,3.364546628796076e-7
29,62,1.9750375305544188e-8,0.07759087870981486,2.5454506552773277e-7
29,63,1.5142453491686975e-8,0.07759087870981486,1.9515764924275216e-7
29,64,1.1661386453220372e-8,0.07759087870981486,1.5029326445487547e-7
29,65,8.287520332603185e-9,0.07759087870981486,1.0681049719256311e-7
29,66,6.0849494650837816e-9,0.07759087870981486,7.842351531861265e-8
29,67,4.312539196210572e-9,0.07759087870981486,5.558049177841129e-8
29,68,3.47381803274897e-9,0.07759087870981486,4.477095878422562e-8
29,69,2.512294859371542e-9,0.07759087870981486,3.2378739629530055e-8
29,70,1.722483533580051e-9,0.07759087870981486,2.2199562142117682e-8
29,71,1.0797071758898926e-9,0.07759087870981486,1.3915387914704914e-8
29,72,7.412820614849084e-10,0.07759087870981486,9.553726853091302e-9
29,73,4.707761071947614e-10,0.07759087870981486,6.067415590889688e-9
29,74,3.1648797559733554e-10,0.07759087870981486,4.078932741321067e-9
29,75,0.0,0.07759087870981486,0.0
29,76,0.0,0.07759087870981486,0.0
29,77,0.0,0.07759087870981486,0.0
29,78,0.0,0.07759087870981486,0.0
29,79,0.0,0.07759087870981486,0.0
29,80,0.0,0.07759087870981486,0.0
29,81,0.0,0.07759087870981486,0.0
29,82,0.0,0.07759087870981486,0.0
29,83,0.0,0.07759087870981486,0.0
29,84,0.0,0.07759087870981486,0.0
29,85,0.0,0.07759087870981486,0.0
29,86,0.0,0.07759087870981486,0.0
29,87,0.0,0.07759087870981486,0.0
29,88,0.0,0.07759087870981486,0.0
29,89,0.0,0.07759087870981486,0.0
29,90,0.0,0.07759087870981486,0.0
29,91,0.0,0.07759087870981486,0.0
29,92,0.0,0.07759087870981486,0.0
29,93,0.0,0.07759087870981486,0.0
29,94,0.0,0.07759087870981486,0.0
29,95,0.0,0.07759087870981486,0.0
29,96,0.0,0.07759087870981486,0.0
29,97,0.0,0.07759087870981486,0.0
29,98,0.0,0.07759087870981486,0.0
29,99,0.0,0.07759087870981486,0.0
29,100,0.0,0.07759087870981486,0.0
29,101,0.0,0.07759087870981486,0.0
29,102,0.0,0.07759087870981486,0.0
29,103,0.0,0.07759087870981486,0.0
29,104,0.0,0.07759087870981486,0.0
29,105,0.0,0.07759087870981486,0.0
29,106,0.0,0.07759087870981486,0.0
29,107,0.0,0.07759087870981486,0.0
29,108,0.0,0.07759087870981486,0.0
31,0,0.0,0.05342307794763751,0.0
31,1,0.0,0.05342307794763751,0.0
31,2,0.0,0.05342307794763751,0.0
31,3,0.0,0.05342307794763751,0.0
31,4,0.0,0.05342307794763751,0.0
31,5,0.0,0.05342307794763751,0.0
31,6,0.0,0.05342307794763751,0.0
31,7,0.0,0.05342307794763751,0.0
31,8,0.00310751550046463,0.05342307794763751,0.05816803561019927
31,9,0.0,0.05342307794763751,0.0
31,10,0.0,0.05342307794763751,0.0
31,11,0.003150909553968036,0.05342307794763751,0.0589803072944691
31,12,0.0012704830375010483,0.05342307794763751,0.02378153948273645
31,13,0.0014335626296253458,0.05342307794763751,0.026834145180299203
31,14,0.01826139244105292,0.05342307794763751,0.34182591386725747
31,15,0.019199631619452335,0.05342307794763751,0.35938834595548397
31,16,0.0011159725398473632,0.05342307794763751,0.02088933439853804
31,17,0.001220394915500314,0.05342307794763751,0.022843964862834767
31,18,0.0011106543417074128,0.05342307794763751,0.020789785695163758
31,19,0.0009697599490644717,0.05342307794763751,0.018152453702030787
31,20,0.0006749220640325222,0.05342307794763751,0.012633530113971444
31,21,0.00038804548222248064,0.05342307794763751,0.007263630197474253
31,22,0.0003121458645385905,0.05342307794763751,0.0058429030398536655
31,23,0.00027401459090685627,0.05342307794763751,0.005129142711983592
31,24,0.00019850299270430236,0.05342307794763751,0.003715678697862833
31,25,0.0001503546925776613,0.05342307794763751,0.00281441463790295
31,26,0.00012747698122163623,0.05342307794763751,0.002386178148450796
31,27,0.00009757923909495835,0.05342307794763751,0.0018265371978492212
31,28,0.00007149100260061261,0.05342307794763751,0.0013382044866580756
31,29,0.00005973106806430365,0.05342307794763751,0.0011180761266291865
31,30,0.00004809317924707158,0.05342307794763751,0.0009002322796565557
31,31,0.000036926625890781835,0.05342307794763751,0.0006912111265280404
31,32,0.000029853863307287857,0.05342307794763751,0.0005588196048260087
31,33,0.000023429742269206653,0.05342307794763751,0.0004385696812933776
31,34,0.000019022582235348332,0.05342307794763751,0.000356074246676563
31,35,0.000015225124158977976,0.05342307794763751,0.00028499151946843724
31,36,0.0000117947910545399,0.05342307794763751,0.00022078082184071339
31,37,9.192757290153791e-6,0.05342307794763751,0.00017207464719955012
31,38,7.3005573283658406e-6,0.05342307794763751,0.00013665549812613684
31,39,5.870056219478576e-6,0.05342307794763751,0.00010987866002838878
31,40,4.593193260115364e-6,0.05342307794763751,0.00008597769796448962
31,41,3.6278335169057804e-6,0.05342307794763751,0.00006790760952526157
31,42,2.8841033843944383e-6,0.05342307794763751,0.000053986095432788145
31,43,2.2832731001008258e-6,0.05342307794763751,0.00004273945245795778
31,44,1.7952519545848013e-6,0.05342307794763751,0.00003360442759109486
31,45,1.4243962175697262e-6,0.05342307794763751,0.00002666256367642921
31,46,1.1285249959924361e-6,0.05342307794763751,0.000021124297576013066
31,47,8.869620718745193e-7,0.05342307794763751,0.00001660260145894014
31,48,7.01360974102613e-7,0.05342307794763751,0.000013128426909247913
31,49,5.488909783207124e-7,0.05342307794763751,0.00001027441696374564
31,50,4.334343169676729e-7,0.05342307794763751,8.113241198728804e-6
31,51,3.4314999982094946e-7,0.05342307794763751,6.4232540131305624e-6
31,52,2.6858356159968677e-7,0.05342307794763751,5.027481978161914e-6
31,53,2.11941774713464e-7,0.05342307794763751,3.967232567939986e-6
31,54,1.6301690160038703e-7,0.05342307794763751,3.051432224855476e-6
31,55,1.2601396364368043e-7,0.05342307794763751,2.3587926507565266e-6
31,56,9.695397990305925e-8,0.05342307794763751,1.8148332823145914e-6
31,57,7.453572430634972e-8,0.05342307794763751,1.3951971164859823e-6
31,58,5.76691769614301e-8,0.05342307794763751,1.079480613564692e-6
31,59,4.448224298532845e-8,0.05342307794763751,8.326409614385679e-7
31,60,3.4055849271551046e-8,0.05342307794763751,6.374744881777646e-7
31,61,2.5930663706924216e-8,0.05342307794763751,4.853831846293111e-7
31,62,1.941285030006483e-8,0.05342307794763751,3.633794802892541e-7
31,63,1.470205325361492e-8,0.05342307794763751,2.752004155961418e-7
31,64,1.1430069473166682e-8,0.05342307794763751,2.1395378013168457e-7
31,65,8.567411021310984e-9,0.05342307794763751,1.6036910171496126e-7
31,66,6.241729764764e-9,0.05342307794763751,1.1683583208893008e-7
31,67,4.5239485337139576e-9,0.05342307794763751,8.468154040372016e-8
31,68,3.2196560003293142e-9,0.05342307794763751,6.026713779923074e-8
31,69,2.4672458574592754e-9,0.05342307794763751,4.618314691410218e-8
31,70,1.7827011586260047e-9,0.05342307794763751,3.3369495489820236e-8
31,71,1.1510793382755235e-9,0.05342307794763751,2.1546481080774697e-8
31,72,6.983152531461817e-10,0.05342307794763751,1.3071415574943728e-8
31,73,4.0681909658259643e-10,0.05342307794763751,7.615044138440302e-9
31,74,0.0,0.05342307794763751,0.0
31,75,0.0,0.05342307794763751,0.0
31,76,0.0,0.05342307794763751,0.0
31,77,0.0,0.05342307794763751,0.0
31,78,0.0,0.05342307794763751,0.0
31,79,0.0,0.05342307794763751,0.0
31,80,0.0,0.05342307794763751,0.0
31,81,0.0,0.05342307794763751,0.0
31,82,0.0,0.05342307794763751,0.0
31,83,0.0,0.05342307794763751,0.0
31,84,0.0,0.05342307794763751,0.0
31,85,0.0,0.05342307794763751,0.0
31,86,0.0,0.05342307794763751,0.0
31,87,0.0,0.05342307794763751,0.0
31,88,0.0,0.05342307794763751,0.0
31,89,0.0,0.05342307794763751,0.0
31,90,0.0,0.05342307794763751,0.0
31,91,0.0,0.05342307794763751,0.0
31,92,0.0,0.05342307794763751,0.0
31,93,0.0,0.05342307794763751,0.0
31,94,0.0,0.05342307794763751,0.0
31,95,0.0,0.05342307794763751,0.0
31,96,0.0,0.05342307794763751,0.0
31,97,0.0,0.05342307794763751,0.0
31,98,0.0,0.05342307794763751,0.0
31,99,0.0,0.05342307794763751,0.0
31,100,0.0,0.05342307794763751,0.0
31,101,0.0,0.05342307794763751,0.0
31,102,0.0,0.05342307794763751,0.0
31,103,0.0,0.05342307794763751,0.0
31,104,0.0,0.05342307794763751,0.0
31,105,0.0,0.05342307794763751,0.0
31,106,0.0,0.05342307794763751,0.0
31,107,0.0,0.05342307794763751,0.0
31,108,0.0,0.05342307794763751,0.0
